股票代码,股票名称,最低收盘价,最高收盘价,涨幅
301520.SZ,万邦医药,41.83,88.68,112.00%
600721.SH,百花医药,7.20,14.50,101.39%
301080.SZ,百普赛斯,45.00,90.21,100.47%
688137.SH,近岸蛋白,35.46,69.58,96.22%
300720.SZ,海川智能,49.79,94.58,89.96%
300404.SZ,博济医药,9.22,17.34,88.07%
301047.SZ,义翘神州,69.65,130.15,86.86%
002552.SZ,宝鼎科技,32.51,60.65,86.56%
688073.SH,毕得医药,46.35,84.83,83.02%
300903.SZ,科翔股份,43.96,80.29,82.64%
300615.SZ,欣天科技,10.43,19.00,82.17%
300489.SZ,光智科技,141.00,252.00,78.72%
688046.SH,药康生物,23.39,40.95,75.07%
688596.SH,正帆科技,43.50,75.35,73.22%
688530.SH,欧莱新材,38.09,65.80,72.75%
301051.SZ,信濠光电,13.23,22.65,71.20%
688693.SH,锴威特,55.18,94.30,70.90%
688143.SH,长盈通,82.20,140.00,70.32%
603186.SH,华正新材,98.60,167.55,69.93%
301251.SZ,威尔高,28.15,46.58,65.47%
688300.SH,联瑞新材,100.20,165.00,64.67%
600272.SH,开开实业,10.72,17.60,64.18%
603758.SH,秦安股份,9.35,15.35,64.17%
688635.SH,长进光子,216.81,355.55,63.99%
600683.SH,京投发展,7.96,12.93,62.44%
300814.SZ,中富电路,96.01,155.88,62.36%
301230.SZ,泓博医药,24.48,39.60,61.76%
688296.SH,和达科技,14.90,23.99,61.01%
002827.SZ,高争民爆,38.06,61.22,60.85%
688549.SH,中巨芯-U,18.40,29.50,60.33%
600206.SH,有研新材,33.15,52.95,59.73%
002437.SZ,誉衡药业,2.84,4.53,59.51%
300684.SZ,中石科技,42.41,67.36,58.83%
301217.SZ,铜冠铜箔,77.66,123.05,58.45%
603269.SH,海鸥股份,11.19,17.70,58.18%
688202.SH,美迪西,68.88,108.76,57.90%
605179.SH,一鸣食品,21.31,33.43,56.87%
688432.SH,有研硅,26.68,41.74,56.45%
688265.SH,南模生物,33.78,52.42,55.18%
002428.SZ,云南锗业,68.35,105.98,55.05%
688485.SH,九州一轨,46.72,72.10,54.32%
603330.SH,天洋新材,6.95,10.68,53.67%
603093.SH,南华期货,11.89,18.19,52.99%
688392.SH,骄成超声,116.23,177.50,52.71%
600641.SH,先导基电,23.41,35.72,52.58%
688147.SH,微导纳米,79.55,121.38,52.58%
688167.SH,炬光科技,177.72,270.95,52.46%
600162.SH,香江控股,3.10,4.72,52.26%
002655.SZ,共达电声,22.37,33.99,51.94%
000802.SZ,北京文化,4.12,6.26,51.94%
300620.SZ,光库科技,211.94,321.91,51.89%
688699.SH,明微电子,44.36,67.30,51.71%
000657.SZ,中钨高新,47.99,72.80,51.70%
600330.SH,天通股份,16.47,24.98,51.67%
603990.SH,麦迪科技,16.33,24.73,51.44%
300725.SZ,药石科技,36.20,54.79,51.35%
300400.SZ,劲拓股份,20.42,30.90,51.32%
688662.SH,富信科技,65.10,98.40,51.15%
688025.SH,杰普特,267.57,404.31,51.10%
002980.SZ,华盛昌,62.93,95.08,51.09%
300476.SZ,胜宏科技,189.30,286.00,51.08%
603773.SH,沃格光电,64.94,98.10,51.06%
603823.SH,百合花,51.48,77.70,50.93%
301093.SZ,华兰股份,55.82,84.23,50.90%
688371.SH,菲沃泰,21.34,32.20,50.89%
688222.SH,成都先导,26.44,39.86,50.76%
301396.SZ,宏景科技,147.21,221.86,50.71%
301511.SZ,德福科技,63.33,95.02,50.04%
688519.SH,南亚新材,206.00,309.00,50.00%
300985.SZ,致远新能,28.08,42.05,49.75%
000593.SZ,德龙汇能,18.61,27.80,49.38%
300534.SZ,陇神戎发,12.67,18.92,49.33%
301373.SZ,凌玮科技,71.07,106.10,49.29%
301392.SZ,汇成真空,118.71,177.04,49.14%
601208.SH,东材科技,32.50,48.40,48.92%
688115.SH,思林杰,46.62,69.37,48.80%
600664.SH,哈药股份,5.99,8.91,48.75%
688020.SH,方邦股份,98.28,146.16,48.72%
002080.SZ,中材科技,40.34,59.93,48.56%
002329.SZ,皇氏集团,3.11,4.62,48.55%
688195.SH,腾景科技,110.60,164.08,48.35%
605286.SH,同力天启,22.98,34.09,48.35%
300394.SZ,天孚通信,180.50,267.71,48.32%
301209.SZ,联合化学,40.80,60.47,48.21%
688598.SH,金博股份,25.00,37.02,48.08%
688409.SH,富创精密,146.84,217.09,47.84%
000779.SZ,甘咨询,9.66,14.28,47.83%
600397.SH,江钨装备,12.68,18.74,47.79%
002792.SZ,通宇通讯,26.14,38.63,47.78%
603629.SH,利通电子,93.10,137.50,47.69%
600353.SH,旭光电子,21.05,31.03,47.41%
001267.SZ,汇绿生态,29.15,42.97,47.41%
002859.SZ,洁美科技,55.17,81.32,47.40%
688419.SH,耐科装备,34.26,50.40,47.11%
688545.SH,兴福电子,61.49,90.24,46.76%
301115.SZ,联检科技,22.77,33.32,46.33%
301319.SZ,唯特偶,81.81,119.63,46.23%
600667.SH,太极实业,16.28,23.78,46.07%
688090.SH,瑞松科技,48.99,71.46,45.87%
688668.SH,鼎通科技,184.64,268.68,45.52%
301227.SZ,森鹰窗业,17.88,26.01,45.47%
688313.SH,仕佳光子,96.77,140.76,45.46%
300951.SZ,博硕科技,52.05,75.71,45.46%
300518.SZ,新迅达,17.35,25.15,44.96%
688502.SH,茂莱光学,300.41,435.38,44.93%
688105.SH,诺唯赞,17.23,24.97,44.92%
002636.SZ,金安国纪,47.32,68.47,44.70%
688508.SH,芯朋微,60.50,87.50,44.63%
688328.SH,深科达,57.38,82.92,44.51%
002975.SZ,博杰股份,69.93,100.99,44.42%
000603.SZ,盛达资源,25.72,37.12,44.32%
301183.SZ,东田微,142.33,205.40,44.31%
603800.SH,洪田股份,47.70,68.81,44.26%
603124.SH,江南新材,100.16,144.47,44.24%
300420.SZ,五洋自控,5.72,8.24,44.06%
301328.SZ,维峰电子,42.67,61.45,44.01%
688603.SH,天承科技,81.46,117.30,44.00%
600186.SH,莲花控股,8.36,12.02,43.78%
301021.SZ,英诺激光,50.97,73.15,43.52%
688179.SH,阿拉丁,16.90,24.25,43.49%
688501.SH,青达环保,13.14,18.85,43.46%
300363.SZ,博腾股份,15.61,22.36,43.24%
300120.SZ,经纬辉开,6.47,9.26,43.12%
301607.SZ,富特科技,31.35,44.86,43.09%
301060.SZ,兰卫医学,8.80,12.56,42.73%
300666.SZ,江丰电子,185.01,264.05,42.72%
003031.SZ,中瓷电子,91.18,130.08,42.66%
002842.SZ,翔鹭钨业,29.60,42.22,42.64%
688449.SH,联芸科技,48.96,69.65,42.26%
688286.SH,敏芯股份,37.68,53.56,42.14%
601886.SH,江河集团,8.27,11.75,42.08%
300672.SZ,国科微,122.58,174.11,42.04%
688026.SH,洁特生物,13.07,18.55,41.93%
301196.SZ,唯科科技,62.05,88.01,41.84%
300749.SZ,顶固集创,16.81,23.84,41.82%
301529.SZ,福赛科技,74.97,106.32,41.82%
002491.SZ,通鼎互联,13.86,19.65,41.77%
688630.SH,芯碁微装,303.53,430.30,41.77%
301201.SZ,诚达药业,28.21,39.94,41.58%
001260.SZ,坤泰股份,16.34,23.13,41.55%
688352.SH,颀中科技,13.31,18.83,41.47%
300936.SZ,中英科技,57.68,81.59,41.45%
688233.SH,神工股份,84.32,119.22,41.39%
301489.SZ,思泉新材,84.74,119.80,41.37%
301526.SZ,国际复材,27.88,39.39,41.28%
688114.SH,华大智造,49.77,70.29,41.23%
300931.SZ,通用电梯,10.41,14.70,41.21%
002579.SZ,中京电子,10.73,15.15,41.19%
300567.SZ,精测电子,167.00,235.66,41.11%
601700.SH,风范股份,5.38,7.59,41.08%
301123.SZ,奕东电子,55.56,78.35,41.02%
688652.SH,京仪装备,114.14,160.70,40.79%
300907.SZ,康平科技,35.91,50.53,40.71%
301282.SZ,金禄电子,20.84,29.31,40.64%
002971.SZ,和远气体,32.29,45.38,40.54%
600183.SH,生益科技,102.03,143.23,40.38%
688028.SH,沃尔德,65.44,91.80,40.28%
300835.SZ,龙磁科技,118.93,166.80,40.25%
002631.SZ,德尔未来,6.54,9.16,40.06%
603989.SH,艾华集团,23.57,32.99,39.97%
002913.SZ,奥士康,40.73,57.00,39.95%
603306.SH,华懋科技,55.75,78.00,39.91%
688403.SH,汇成股份,18.05,25.25,39.89%
002172.SZ,澳洋健康,3.25,4.54,39.69%
603061.SH,金海通,242.04,337.98,39.64%
688123.SH,聚辰股份,103.00,143.81,39.62%
300868.SZ,杰美特,66.01,92.13,39.57%
688607.SH,康众医疗,35.18,49.10,39.57%
002990.SZ,盛视科技,40.74,56.76,39.32%
301486.SZ,致尚科技,126.00,175.50,39.29%
301235.SZ,华康洁净,35.19,49.00,39.24%
300260.SZ,新莱应材,43.25,60.20,39.19%
301045.SZ,天禄科技,49.90,69.40,39.08%
688433.SH,华曙高科,68.93,95.86,39.07%
301234.SZ,五洲医疗,66.10,91.89,39.02%
301326.SZ,捷邦科技,75.87,105.42,38.95%
688661.SH,和林微纳,78.16,108.57,38.91%
300209.SZ,行云科技,28.03,38.93,38.89%
300540.SZ,蜀道装备,25.28,35.11,38.88%
688059.SH,华锐精密,69.49,96.28,38.55%
688808.SH,联讯仪器,1624.00,2248.00,38.42%
688293.SH,奥浦迈,48.79,67.53,38.41%
002963.SZ,豪尔赛,14.54,20.09,38.17%
688710.SH,益诺思,69.13,95.50,38.15%
300759.SZ,康龙化成,36.07,49.80,38.06%
688130.SH,晶华微,18.66,25.76,38.05%
300548.SZ,长芯博创,141.02,194.67,38.04%
301419.SZ,阿莱德,27.26,37.62,38.00%
002248.SZ,华东数控,8.82,12.17,37.98%
600234.SH,科新发展,16.98,23.39,37.75%
603256.SH,宏和科技,115.32,158.80,37.70%
688234.SH,天岳先进,81.39,112.03,37.65%
688488.SH,艾迪药业,13.19,18.15,37.60%
603083.SH,XD剑桥科,135.17,185.90,37.53%
688191.SH,智洋创新,17.27,23.74,37.46%
301008.SZ,宏昌科技,32.51,44.68,37.43%
301148.SZ,嘉戎技术,43.49,59.76,37.41%
002081.SZ,金 螳 螂,3.85,5.29,37.40%
300331.SZ,苏大维格,36.66,50.36,37.37%
603897.SH,长城科技,25.28,34.68,37.18%
301611.SZ,珂玛科技,77.45,106.21,37.13%
000887.SZ,中鼎股份,17.29,23.69,37.02%
003036.SZ,泰坦股份,40.91,56.05,37.01%
002141.SZ,贤丰控股,5.10,6.98,36.86%
301257.SZ,普蕊斯,38.59,52.80,36.82%
603078.SH,江化微,26.64,36.44,36.79%
688218.SH,江苏北人,32.50,44.44,36.74%
002885.SZ,京泉华,23.34,31.91,36.72%
688503.SH,聚和材料,58.39,79.73,36.55%
301602.SZ,超研股份,14.94,20.40,36.55%
300986.SZ,志特新材,10.84,14.80,36.53%
300083.SZ,创世纪,10.68,14.57,36.42%
688215.SH,瑞晟智能,32.54,44.39,36.42%
300811.SZ,铂科新材,57.31,78.17,36.40%
300570.SZ,太辰光,118.49,161.50,36.30%
688512.SH,慧智微-U,11.18,15.23,36.23%
688247.SH,宣泰医药,7.92,10.78,36.11%
603002.SH,宏昌电子,11.75,15.99,36.09%
688796.SH,百奥赛图,109.11,148.37,35.98%
301566.SZ,达利凯普,21.12,28.69,35.84%
002536.SZ,飞龙股份,31.55,42.85,35.82%
688813.SH,泰金新能,95.00,128.99,35.78%
688383.SH,新益昌,89.25,121.09,35.68%
688720.SH,艾森股份,49.13,66.65,35.66%
605289.SH,罗曼股份,81.90,111.09,35.64%
688456.SH,有研粉材,63.80,86.53,35.63%
603466.SH,风语筑,10.12,13.72,35.57%
000506.SZ,招金黄金,14.71,19.94,35.55%
688170.SH,德龙激光,41.44,56.15,35.50%
300426.SZ,华智数媒,5.76,7.80,35.42%
601869.SH,长飞光纤,262.30,355.18,35.41%
688150.SH,莱特光电,31.63,42.83,35.41%
002951.SZ,金时科技,13.40,18.14,35.37%
300592.SZ,华凯易佰,12.67,17.15,35.36%
003023.SZ,彩虹集团,20.69,28.00,35.33%
300606.SZ,金太阳,28.90,39.11,35.33%
603887.SH,城地香江,9.23,12.49,35.32%
301312.SZ,智立方,53.39,72.18,35.19%
301333.SZ,诺思格,47.32,63.96,35.16%
688205.SH,德科立,117.30,158.52,35.14%
688141.SH,杰华特,105.86,143.00,35.08%
688045.SH,必易微,46.19,62.36,35.01%
300649.SZ,杭州园林,18.97,25.59,34.90%
301377.SZ,鼎泰高科,335.00,451.84,34.88%
301018.SZ,申菱环境,68.66,92.60,34.87%
300686.SZ,智动力,11.86,15.99,34.82%
688669.SH,聚石化学,56.30,75.84,34.71%
000962.SZ,东方钽业,42.67,57.45,34.64%
000026.SZ,飞亚达,15.71,21.15,34.63%
688368.SH,晶丰明源,96.59,130.02,34.61%
300154.SZ,瑞凌股份,7.87,10.59,34.56%
300319.SZ,麦捷科技,14.30,19.24,34.55%
688800.SH,瑞可达,47.00,63.23,34.53%
600363.SH,联创光电,20.36,27.38,34.48%
301393.SZ,昊帆生物,51.38,69.09,34.47%
603011.SH,合锻智能,18.60,25.01,34.46%
301165.SZ,锐捷网络,107.02,143.90,34.46%
300693.SZ,盛弘股份,34.79,46.77,34.44%
002589.SZ,瑞康医药,2.76,3.71,34.42%
603931.SH,格林达,29.30,39.35,34.30%
000936.SZ,华西股份,5.19,6.97,34.30%
002687.SZ,乔治白,4.87,6.54,34.29%
001331.SZ,胜通能源,42.81,57.46,34.22%
688627.SH,精智达,371.88,498.99,34.18%
688610.SH,埃科光电,118.48,158.80,34.03%
002436.SZ,兴森科技,26.30,35.25,34.03%
002645.SZ,华宏科技,16.03,21.48,34.00%
300395.SZ,菲利华,70.89,94.99,34.00%
300139.SZ,晓程科技,39.18,52.49,33.97%
300345.SZ,华民股份,5.54,7.42,33.94%
688238.SH,和元生物,5.60,7.50,33.93%
000048.SZ,京基智农,18.02,24.13,33.91%
688359.SH,三孚新科,79.35,106.20,33.84%
300916.SZ,朗特智能,19.74,26.40,33.74%
002222.SZ,福晶科技,49.02,65.50,33.62%
300909.SZ,汇创达,40.66,54.32,33.60%
301086.SZ,鸿富瀚,90.90,121.42,33.58%
002425.SZ,凯撒文化,2.86,3.82,33.57%
600881.SH,亚泰集团,1.70,2.27,33.53%
688548.SH,广钢气体,29.23,39.00,33.42%
688531.SH,日联科技,107.77,143.78,33.41%
688362.SH,甬矽电子,51.70,68.96,33.38%
002851.SZ,麦格米特,98.86,131.86,33.38%
300870.SZ,欧陆通,171.25,228.31,33.32%
300626.SZ,华瑞股份,26.78,35.69,33.27%
603115.SH,海星股份,64.12,85.45,33.27%
603118.SH,共进股份,13.18,17.56,33.23%
688333.SH,铂力特,82.84,110.34,33.20%
300005.SZ,探路者,9.44,12.57,33.16%
002943.SZ,宇晶股份,27.20,36.21,33.13%
002674.SZ,兴业科技,22.25,29.62,33.12%
688131.SH,皓元医药,75.18,100.08,33.12%
301067.SZ,显盈科技,24.54,32.65,33.05%
300480.SZ,光力科技,26.55,35.31,32.99%
600487.SH,亨通光电,47.37,62.98,32.95%
301338.SZ,凯格精机,76.95,102.30,32.94%
688102.SH,斯瑞新材,28.98,38.51,32.88%
300560.SZ,中富通,12.96,17.22,32.87%
688727.SH,恒坤新材,37.76,50.15,32.81%
688257.SH,新锐股份,47.44,63.00,32.80%
688478.SH,晶升股份,38.46,51.07,32.79%
688783.SH,西安奕材-U,24.10,32.00,32.78%
605376.SH,博迁新材,131.10,173.99,32.72%
002973.SZ,侨银股份,9.34,12.39,32.66%
688260.SH,昀冢科技,96.69,128.26,32.65%
600105.SH,永鼎股份,31.17,41.33,32.60%
603459.SH,红板科技,79.67,105.58,32.52%
603738.SH,泰晶科技,28.92,38.30,32.43%
688498.SH,源杰科技,1147.01,1519.00,32.43%
603655.SH,朗博科技,26.11,34.54,32.29%
688690.SH,纳微科技,33.15,43.85,32.28%
603236.SH,移远通信,45.89,60.69,32.25%
301369.SZ,联动科技,109.41,144.55,32.12%
300863.SZ,卡倍亿,33.24,43.90,32.07%
688048.SH,长光华芯,236.29,312.00,32.04%
688200.SH,华峰测控,319.88,422.10,31.96%
600449.SH,宁夏建材,11.75,15.50,31.91%
300576.SZ,容大感光,24.95,32.90,31.86%
301591.SZ,肯特股份,26.40,34.81,31.86%
603283.SH,赛腾股份,36.61,48.25,31.79%
600379.SH,宝光股份,11.23,14.80,31.79%
002364.SZ,中恒电气,34.15,45.00,31.77%
688356.SH,键凯科技,62.39,82.20,31.75%
600961.SH,株冶集团,22.90,30.17,31.75%
600367.SH,红星发展,25.62,33.75,31.73%
301218.SZ,华是科技,36.82,48.50,31.72%
688381.SH,帝奥微,25.56,33.66,31.69%
300285.SZ,国瓷材料,57.80,76.11,31.68%
603663.SH,三祥新材,31.96,42.08,31.66%
002900.SZ,哈三联,11.27,14.83,31.59%
688655.SH,迅捷兴,29.39,38.66,31.54%
688182.SH,灿勤科技,22.14,29.10,31.44%
002796.SZ,世嘉科技,24.37,32.02,31.39%
603228.SH,景旺电子,74.75,98.21,31.38%
300843.SZ,胜蓝股份,95.48,125.43,31.37%
300522.SZ,世名科技,11.32,14.87,31.36%
688766.SH,普冉股份,312.90,411.00,31.35%
301321.SZ,翰博高新,29.20,38.34,31.30%
688146.SH,中船特气,247.99,325.30,31.17%
688758.SH,赛分科技,23.01,30.18,31.16%
301248.SZ,杰创智能,50.87,66.72,31.16%
603890.SH,春秋电子,16.85,22.09,31.10%
603538.SH,美诺华,25.43,33.33,31.07%
688689.SH,银河微电,31.34,41.07,31.05%
688307.SH,DR中润光,37.76,49.48,31.04%
300131.SZ,英唐智控,13.18,17.27,31.03%
688620.SH,安凯微,12.49,16.35,30.90%
002396.SZ,星网锐捷,24.96,32.67,30.89%
001337.SZ,四川黄金,39.26,51.38,30.87%
688052.SH,纳芯微,181.44,237.30,30.79%
688082.SH,盛美上海,247.15,323.02,30.70%
001258.SZ,立新能源,12.19,15.93,30.68%
688759.SH,必贝特-U,21.62,28.25,30.67%
688121.SH,卓然股份,2.12,2.77,30.66%
001210.SZ,金房能源,18.40,24.04,30.65%
002759.SZ,天际股份,14.94,19.51,30.59%
301176.SZ,逸豪新材,38.14,49.80,30.57%
301308.SZ,江波龙,319.80,417.50,30.55%
001339.SZ,智微智能,65.43,85.39,30.51%
002407.SZ,多氟多,30.01,39.16,30.49%
688125.SH,安达智能,95.43,124.49,30.45%
300715.SZ,凯伦股份,11.06,14.42,30.38%
603936.SH,博敏电子,12.22,15.93,30.36%
600176.SH,中国巨石,34.06,44.39,30.33%
301603.SZ,乔锋智能,99.06,129.10,30.33%
300661.SZ,圣邦股份,94.40,123.00,30.30%
301281.SZ,科源制药,35.45,46.19,30.30%
300227.SZ,光韵达,9.36,12.19,30.24%
000811.SZ,冰轮环境,32.62,42.48,30.23%
600378.SH,昊华科技,37.70,49.09,30.21%
300937.SZ,药易购,24.35,31.70,30.18%
000510.SZ,新金路,13.32,17.34,30.18%
603618.SH,杭电股份,22.95,29.87,30.15%
300243.SZ,瑞丰高材,12.97,16.88,30.15%
603938.SH,三孚股份,33.99,44.22,30.10%
688319.SH,欧林生物,22.33,29.05,30.09%
002741.SZ,光华科技,20.22,26.30,30.07%
301366.SZ,一博科技,43.75,56.90,30.06%
688600.SH,皖仪科技,22.40,29.13,30.04%
600172.SH,黄河旋风,9.59,12.47,30.03%
002388.SZ,新亚制程,4.70,6.11,30.00%
002957.SZ,科瑞技术,31.79,41.31,29.95%
001326.SZ,联域股份,46.96,61.02,29.94%
301285.SZ,鸿日达,62.66,81.42,29.94%
301200.SZ,大族数控,223.27,290.09,29.93%
688308.SH,欧科亿,79.78,103.64,29.91%
000426.SZ,兴业银锡,31.31,40.67,29.89%
002585.SZ,双星新材,8.70,11.30,29.89%
688037.SH,芯源微,261.00,339.00,29.89%
300857.SZ,协创数据,204.80,265.99,29.88%
301421.SZ,波长光电,62.88,81.66,29.87%
301550.SZ,斯菱智驱,70.15,91.10,29.86%
003018.SZ,金富科技,31.60,41.03,29.84%
688700.SH,东威科技,48.36,62.79,29.84%
600613.SH,神奇制药,4.94,6.41,29.76%
300199.SZ,翰宇药业,20.44,26.52,29.75%
301096.SZ,百诚医药,38.60,50.06,29.69%
603163.SH,圣晖集成,67.00,86.89,29.69%
002824.SZ,和胜股份,19.26,24.96,29.60%
002235.SZ,安妮股份,8.05,10.43,29.57%
300820.SZ,英杰电气,43.30,56.06,29.47%
603038.SH,华立股份,12.56,16.26,29.46%
688135.SH,利扬芯片,20.51,26.55,29.45%
002484.SZ,江海股份,53.92,69.79,29.43%
301568.SZ,思泰克,54.75,70.85,29.41%
301389.SZ,隆扬电子,42.10,54.48,29.41%
300948.SZ,冠中生态,16.87,21.83,29.40%
603682.SH,锦和商管,10.18,13.16,29.27%
300434.SZ,金石亚药,9.95,12.86,29.25%
300179.SZ,四方达,28.62,36.99,29.25%
300935.SZ,盈建科,27.22,35.18,29.24%
603650.SH,彤程新材,50.77,65.58,29.17%
688653.SH,康希通信,11.01,14.22,29.16%
600549.SH,厦门钨业,46.42,59.95,29.15%
603175.SH,超颖电子,74.12,95.69,29.10%
300776.SZ,帝尔激光,94.91,122.53,29.10%
688535.SH,华海诚科,81.66,105.42,29.10%
301141.SZ,中科磁业,36.10,46.59,29.06%
605589.SH,圣泉集团,32.92,42.48,29.04%
600584.SH,长电科技,61.00,78.71,29.03%
300706.SZ,阿石创,42.17,54.41,29.03%
002229.SZ,鸿博股份,10.58,13.65,29.02%
300929.SZ,华骐环保,13.04,16.82,28.99%
688551.SH,科威尔,32.72,42.20,28.97%
603657.SH,春光科技,22.11,28.50,28.90%
301188.SZ,力诺药包,32.99,42.50,28.83%
300964.SZ,本川智能,45.95,59.18,28.79%
300939.SZ,秋田微,51.79,66.70,28.79%
603690.SH,至纯科技,21.20,27.30,28.77%
301005.SZ,超捷股份,66.08,85.09,28.77%
603065.SH,宿迁联盛,13.79,17.75,28.72%
603127.SH,昭衍新药,41.05,52.80,28.62%
603725.SH,天安新材,9.51,12.23,28.60%
603950.SH,长源东谷,48.30,62.10,28.57%
301042.SZ,安联锐视,27.01,34.72,28.54%
603903.SH,中持股份,11.05,14.20,28.51%
603439.SH,三力制药,10.53,13.53,28.49%
002779.SZ,中坚科技,61.49,79.00,28.48%
300382.SZ,斯莱克,12.54,16.11,28.47%
688428.SH,诺诚健华,24.86,31.92,28.40%
002409.SZ,雅克科技,120.91,155.24,28.39%
603757.SH,大元泵业,50.65,65.01,28.35%
603928.SH,兴业股份,10.37,13.31,28.35%
688785.SH,恒运昌,224.00,287.50,28.35%
688221.SH,前沿生物-U,17.12,21.97,28.33%
301130.SZ,西点药业,24.04,30.85,28.33%
301150.SZ,中一科技,31.89,40.91,28.28%
300943.SZ,春晖智控,22.35,28.67,28.28%
688601.SH,力芯微,36.20,46.42,28.23%
300671.SZ,富满微,50.06,64.19,28.23%
688729.SH,屹唐股份,21.48,27.51,28.07%
688268.SH,华特气体,121.50,155.60,28.07%
000636.SZ,风华高科,51.96,66.51,28.00%
301362.SZ,民爆光电,109.87,140.60,27.97%
002346.SZ,柘中股份,17.45,22.33,27.97%
002989.SZ,中天精装,19.82,25.36,27.95%
688315.SH,诺禾致源,12.90,16.50,27.91%
688079.SH,美迪凯,12.94,16.55,27.90%
301160.SZ,翔楼新材,35.04,44.80,27.85%
600833.SH,第一医药,9.77,12.49,27.84%
688253.SH,英诺特,55.82,71.34,27.80%
003043.SZ,华亚智能,58.10,74.25,27.80%
601231.SH,环旭电子,22.02,28.13,27.75%
301077.SZ,星华新材,19.27,24.61,27.71%
301026.SZ,浩通科技,17.87,22.82,27.70%
688583.SH,思看科技,72.58,92.68,27.69%
688138.SH,清溢光电,26.83,34.26,27.69%
605111.SH,新洁能,45.83,58.52,27.69%
688379.SH,华光新材,42.87,54.74,27.69%
688479.SH,友车科技,28.14,35.93,27.68%
603151.SH,邦基科技,12.43,15.87,27.67%
300692.SZ,中赋科技,8.10,10.34,27.65%
300976.SZ,达瑞电子,45.51,58.09,27.64%
300270.SZ,中威电子,10.50,13.40,27.62%
002916.SZ,深南电路,302.31,385.80,27.62%
301365.SZ,矩阵股份,34.02,43.41,27.60%
688057.SH,金达莱,15.41,19.66,27.58%
688807.SH,优迅股份,219.84,280.40,27.55%
600288.SH,大恒科技,10.37,13.22,27.48%
300938.SZ,信测标准,23.37,29.79,27.47%
300975.SZ,商络电子,22.14,28.22,27.46%
300711.SZ,广哈通信,15.63,19.92,27.45%
300346.SZ,南大光电,46.63,59.39,27.36%
688320.SH,禾川科技,28.95,36.86,27.32%
688062.SH,迈威生物-U,26.81,34.12,27.27%
301007.SZ,德迈仕,26.93,34.27,27.26%
301071.SZ,力量钻石,48.42,61.60,27.22%
002724.SZ,海洋王,5.33,6.78,27.20%
688133.SH,泰坦科技,19.73,25.09,27.17%
301307.SZ,美利信,42.38,53.88,27.14%
605060.SH,联德股份,35.00,44.49,27.11%
300283.SZ,温州宏丰,12.63,16.05,27.08%
300806.SZ,斯迪克,39.27,49.90,27.07%
600829.SH,人民同泰,9.31,11.83,27.07%
603203.SH,快克智能,35.50,45.09,27.01%
301132.SZ,满坤科技,27.98,35.52,26.95%
688372.SH,伟测科技,103.20,131.00,26.94%
300401.SZ,花园生物,12.55,15.93,26.93%
605358.SH,立昂微,35.86,45.51,26.91%
688388.SH,嘉元科技,22.90,29.04,26.81%
600857.SH,宁波中百,16.03,20.32,26.76%
688312.SH,燕麦科技,39.05,49.50,26.76%
002290.SZ,禾盛新材,50.04,63.43,26.76%
301128.SZ,强瑞技术,90.29,114.45,26.76%
000692.SZ,惠天热电,3.85,4.88,26.75%
002721.SZ,金一文化,2.43,3.08,26.75%
688757.SH,胜科纳米,26.82,33.99,26.73%
688571.SH,杭华股份,7.52,9.53,26.73%
000859.SZ,国风新材,8.27,10.48,26.72%
301107.SZ,瑜欣电子,17.68,22.40,26.70%
300604.SZ,长川科技,227.42,288.08,26.67%
688536.SH,思瑞浦,216.82,274.50,26.60%
301092.SZ,争光股份,36.73,46.49,26.57%
300566.SZ,激智科技,22.65,28.65,26.49%
301387.SZ,光大同创,46.93,59.35,26.46%
600226.SH,亨通股份,4.99,6.31,26.45%
688593.SH,新相微,26.55,33.57,26.44%
603259.SH,药明康德,128.50,162.33,26.33%
688416.SH,恒烁股份,59.56,75.24,26.33%
001378.SZ,德冠新材,17.04,21.52,26.29%
300491.SZ,通合科技,24.67,31.14,26.23%
688347.SH,华虹公司,219.50,276.99,26.19%
002119.SZ,康强电子,19.20,24.22,26.15%
688031.SH,星环科技-U,93.60,118.07,26.14%
605198.SH,安德利,54.51,68.73,26.09%
002156.SZ,通富微电,51.34,64.72,26.06%
301382.SZ,蜂助手,35.50,44.75,26.06%
002384.SZ,东山精密,162.81,205.19,26.03%
603696.SH,安记食品,12.99,16.37,26.02%
301172.SZ,君逸数码,17.76,22.38,26.01%
301070.SZ,开勒股份,53.69,67.60,25.91%
600110.SH,诺德股份,8.31,10.46,25.87%
688012.SH,中微公司,309.85,389.99,25.86%
301379.SZ,天山电子,18.54,23.33,25.84%
603988.SH,中电电机,18.77,23.61,25.79%
605168.SH,三人行,35.39,44.51,25.77%
300051.SZ,琏升科技,7.81,9.82,25.74%
688056.SH,莱伯泰科,35.09,44.10,25.68%
603626.SH,科森科技,13.25,16.65,25.66%
002348.SZ,高乐股份,10.02,12.59,25.65%
002849.SZ,威星智能,13.73,17.25,25.64%
002378.SZ,章源钨业,22.51,28.28,25.63%
300757.SZ,罗博特科,410.80,516.00,25.61%
300920.SZ,润阳科技,27.71,34.80,25.59%
603790.SH,雅运股份,20.48,25.72,25.59%
688003.SH,天准科技,63.66,79.93,25.56%
688177.SH,百奥泰,17.43,21.88,25.53%
600552.SH,凯盛科技,14.81,18.59,25.52%
002870.SZ,香山股份,38.24,48.00,25.52%
600769.SH,祥龙电业,13.16,16.51,25.46%
688702.SH,盛科通信-U,322.00,403.96,25.45%
300756.SZ,金马游乐,25.30,31.73,25.42%
300017.SZ,网宿科技,13.82,17.33,25.40%
002739.SZ,儒意电影,8.60,10.78,25.35%
002938.SZ,鹏鼎控股,80.91,101.41,25.34%
002303.SZ,美盈森,4.46,5.59,25.34%
688216.SH,气派科技,25.01,31.32,25.23%
600522.SH,中天科技,28.39,35.55,25.22%
688521.SH,芯原股份,184.09,230.50,25.21%
300889.SZ,爱克股份,17.92,22.43,25.17%
301626.SZ,苏州天脉,205.50,257.10,25.11%
300983.SZ,尤安设计,34.38,43.00,25.07%
301169.SZ,零点有数,44.52,55.68,25.07%
300558.SZ,贝达药业,56.15,70.21,25.04%
300054.SZ,鼎龙股份,62.90,78.65,25.04%
688035.SH,德邦科技,52.54,65.69,25.03%
688331.SH,荣昌生物,107.56,134.45,25.00%
002903.SZ,宇环数控,23.43,29.28,24.97%
688719.SH,爱科赛博,42.03,52.52,24.96%
002149.SZ,西部材料,34.90,43.61,24.96%
688323.SH,瑞华泰,23.20,28.99,24.96%
000831.SZ,中国稀土,48.78,60.95,24.95%
300602.SZ,飞荣达,30.99,38.70,24.88%
002774.SZ,快意电梯,14.06,17.55,24.82%
603137.SH,恒尚节能,25.00,31.20,24.80%
300221.SZ,银禧科技,11.30,14.10,24.78%
301072.SZ,中捷精工,31.41,39.18,24.74%
600673.SH,东阳光,29.23,36.45,24.70%
600267.SH,海正药业,11.42,14.24,24.69%
603797.SH,联泰环保,4.05,5.05,24.69%
603912.SH,佳力图,7.13,8.89,24.68%
301310.SZ,鑫宏业,47.90,59.71,24.66%
688183.SH,生益电子,95.29,118.78,24.65%
300902.SZ,国安达,14.73,18.36,24.64%
603102.SH,百合股份,33.75,42.05,24.59%
300687.SZ,赛意信息,23.77,29.60,24.53%
301630.SZ,同宇新材,142.00,176.80,24.51%
300149.SZ,睿智医药,9.11,11.34,24.48%
300161.SZ,华中数控,25.41,31.63,24.48%
688011.SH,新光光电,68.60,85.39,24.48%
300873.SZ,海晨股份,14.02,17.45,24.47%
605006.SH,山东玻纤,12.14,15.11,24.46%
603052.SH,可川科技,46.98,58.47,24.46%
603373.SH,安邦护卫,33.21,41.33,24.45%
300700.SZ,岱勒新材,15.78,19.63,24.40%
600815.SH,厦工股份,3.20,3.98,24.37%
300689.SZ,澄天伟业,43.66,54.30,24.37%
300990.SZ,同飞股份,60.32,75.00,24.34%
600498.SH,烽火通信,32.90,40.90,24.32%
002194.SZ,武汉凡谷,8.93,11.10,24.30%
600869.SH,远东股份,13.26,16.48,24.28%
688181.SH,八亿时空,33.38,41.46,24.21%
688103.SH,国力电子,62.64,77.79,24.19%
301509.SZ,金凯生科,27.22,33.80,24.17%
601579.SH,会稽山,15.05,18.68,24.12%
001359.SZ,平安电工,72.46,89.92,24.10%
001388.SZ,信通电子,20.38,25.29,24.09%
300151.SZ,昌红科技,13.41,16.64,24.09%
688628.SH,优利德,56.62,70.24,24.06%
301322.SZ,绿通科技,32.65,40.50,24.04%
688605.SH,先锋精科,64.25,79.68,24.02%
002134.SZ,天津普林,18.49,22.93,24.01%
002185.SZ,华天科技,14.77,18.30,23.90%
300390.SZ,天华新能,54.30,67.27,23.89%
603456.SH,九洲药业,14.74,18.26,23.88%
002463.SZ,沪电股份,101.61,125.87,23.88%
300842.SZ,帝科股份,51.00,63.17,23.86%
002734.SZ,利民股份,13.54,16.77,23.86%
688625.SH,呈和科技,48.52,60.08,23.83%
688203.SH,海正生材,9.83,12.17,23.80%
688192.SH,迪哲医药-U,49.43,61.19,23.79%
002361.SZ,神剑股份,10.09,12.49,23.79%
601138.SH,工业富联,55.90,69.18,23.76%
301357.SZ,北方长龙,91.51,113.23,23.74%
300440.SZ,运达科技,16.10,19.92,23.73%
603039.SH,泛微网络,39.69,49.10,23.71%
301297.SZ,富乐德,28.74,35.54,23.66%
300197.SZ,节能铁汉,1.86,2.30,23.66%
688678.SH,福立旺,15.52,19.19,23.65%
300487.SZ,蓝晓科技,56.45,69.79,23.63%
301413.SZ,安培龙,58.57,72.41,23.63%
301225.SZ,恒勃股份,51.40,63.52,23.58%
300398.SZ,飞凯材料,29.98,37.04,23.55%
688002.SH,睿创微纳,137.63,170.04,23.55%
603678.SH,火炬电子,41.84,51.69,23.54%
603880.SH,南卫股份,6.63,8.19,23.53%
603920.SH,世运电路,31.59,39.01,23.49%
603009.SH,北特科技,39.28,48.50,23.47%
688309.SH,恒誉环保,64.29,79.38,23.47%
688316.SH,青云科技-U,46.32,57.19,23.47%
301232.SZ,飞沃科技,97.71,120.58,23.41%
688448.SH,磁谷科技,45.93,56.67,23.38%
300386.SZ,飞天诚信,10.18,12.56,23.38%
688220.SH,翱捷科技-U,91.15,112.40,23.31%
301315.SZ,威士顿,37.44,46.16,23.29%
002628.SZ,成都路桥,4.51,5.56,23.28%
300731.SZ,科创新源,32.32,39.84,23.27%
002281.SZ,光迅科技,156.65,193.04,23.23%
002031.SZ,巨轮智能,5.21,6.42,23.22%
688172.SH,燕东微,45.87,56.50,23.17%
688677.SH,海泰新光,64.25,79.12,23.14%
002370.SZ,亚太药业,4.93,6.07,23.12%
301099.SZ,雅创电子,41.65,51.25,23.05%
301629.SZ,矽电股份,211.00,259.60,23.03%
688072.SH,拓荆科技,591.86,728.00,23.00%
688721.SH,龙图光罩,34.18,42.04,23.00%
601126.SH,四方股份,38.30,47.10,22.98%
301295.SZ,美硕科技,38.59,47.45,22.96%
300745.SZ,欣锐科技,24.72,30.39,22.94%
300314.SZ,戴维医疗,9.99,12.28,22.92%
603319.SH,美湖股份,22.78,28.00,22.91%
002837.SZ,英维克,46.45,57.09,22.91%
688733.SH,壹石通,24.76,30.43,22.90%
301265.SZ,华新科技,16.87,20.73,22.88%
603660.SH,苏州科达,9.97,12.25,22.87%
688515.SH,裕太微-U,126.88,155.87,22.85%
002742.SZ,三圣股份,3.59,4.41,22.84%
688168.SH,安博通,31.00,38.08,22.84%
002008.SZ,大族激光,81.21,99.75,22.83%
603991.SH,至正股份,109.79,134.85,22.83%
300552.SZ,万集科技,20.26,24.88,22.80%
002421.SZ,达实智能,3.16,3.88,22.78%
688507.SH,索辰科技,146.11,179.36,22.76%
002965.SZ,祥鑫科技,27.23,33.42,22.73%
603324.SH,盛剑科技,23.27,28.55,22.69%
002976.SZ,瑞玛精密,19.00,23.30,22.63%
301571.SZ,国科天成,55.84,68.46,22.60%
688584.SH,上海合晶,23.86,29.25,22.59%
002787.SZ,华源控股,18.15,22.25,22.59%
603303.SH,得邦照明,18.74,22.97,22.57%
600665.SH,天地源,2.93,3.59,22.53%
603986.SH,兆易创新,340.74,417.48,22.52%
688619.SH,罗普特,12.39,15.18,22.52%
688373.SH,盟科药业-U,4.58,5.61,22.49%
603268.SH,松发股份,149.65,183.26,22.46%
002649.SZ,博彦科技,9.22,11.29,22.45%
603188.SH,亚邦股份,4.01,4.91,22.44%
300632.SZ,光莆股份,16.01,19.60,22.42%
601133.SH,柏诚股份,21.90,26.81,22.42%
600520.SH,三佳科技,21.08,25.80,22.39%
301349.SZ,信德新材,36.81,45.05,22.39%
688001.SH,华兴源创,42.00,51.39,22.36%
600301.SH,华锡有色,41.63,50.93,22.34%
300751.SZ,迈为股份,145.91,178.50,22.34%
300077.SZ,国民技术,16.42,20.08,22.29%
300321.SZ,同大股份,28.20,34.48,22.27%
603063.SH,禾望电气,28.21,34.49,22.26%
600326.SH,西藏天路,6.84,8.36,22.22%
300475.SZ,香农芯创,134.03,163.80,22.21%
002322.SZ,理工能科,10.68,13.05,22.19%
600707.SH,彩虹股份,7.76,9.48,22.16%
688376.SH,美埃科技,58.80,71.82,22.14%
603106.SH,恒银科技,8.22,10.04,22.14%
300191.SZ,潜能恒信,27.92,34.09,22.10%
301528.SZ,多浦乐,44.50,54.30,22.02%
301479.SZ,弘景光电,45.37,55.36,22.02%
300878.SZ,维康药业,29.17,35.59,22.01%
301448.SZ,开创电气,40.00,48.80,22.00%
603358.SH,华达科技,36.01,43.93,21.99%
603125.SH,常青科技,19.83,24.19,21.99%
603226.SH,菲林格尔,43.86,53.50,21.98%
002297.SZ,博云新材,15.75,19.20,21.90%
002167.SZ,东方锆业,14.86,18.11,21.87%
603191.SH,望变电气,13.90,16.94,21.87%
300562.SZ,乐心医疗,13.63,16.61,21.86%
301279.SZ,金道科技,17.37,21.16,21.82%
001211.SZ,双枪科技,19.71,24.01,21.82%
003001.SZ,中岩大地,17.38,21.16,21.75%
300192.SZ,科德教育,12.06,14.68,21.72%
301348.SZ,蓝箭电子,18.46,22.47,21.72%
601666.SH,平煤股份,7.88,9.59,21.70%
300787.SZ,海能实业,8.53,10.38,21.69%
603110.SH,东方材料,21.83,26.56,21.67%
688258.SH,卓易信息,94.53,115.01,21.67%
300174.SZ,元力股份,17.04,20.73,21.65%
688212.SH,澳华内镜,26.61,32.37,21.65%
002716.SZ,湖南白银,8.04,9.78,21.64%
600246.SH,万通发展,10.36,12.60,21.62%
601101.SH,昊华能源,11.10,13.50,21.62%
300248.SZ,新开普,8.28,10.07,21.62%
300467.SZ,迅游科技,31.51,38.32,21.61%
603929.SH,亚翔集成,136.82,166.38,21.61%
603688.SH,石英股份,40.88,49.71,21.60%
688345.SH,博力威,47.75,58.06,21.59%
002653.SZ,海思科,58.90,71.60,21.56%
688178.SH,万德斯,23.96,29.11,21.49%
688401.SH,路维光电,59.42,72.19,21.49%
300136.SZ,信维通信,56.50,68.58,21.38%
603217.SH,元利科技,21.29,25.84,21.37%
603156.SH,养元饮品,42.60,51.70,21.36%
688163.SH,赛伦生物,27.45,33.30,21.31%
688418.SH,震有科技,31.58,38.31,21.31%
603995.SH,甬金股份,20.43,24.77,21.24%
301133.SZ,金钟股份,23.68,28.71,21.24%
600711.SH,盛屯矿业,10.51,12.74,21.22%
002213.SZ,大为股份,24.96,30.25,21.19%
300373.SZ,扬杰科技,79.98,96.93,21.19%
301055.SZ,张小泉,25.52,30.92,21.16%
301189.SZ,奥尼电子,41.68,50.49,21.14%
688166.SH,博瑞医药,34.57,41.87,21.12%
002921.SZ,联诚精密,20.34,24.63,21.09%
688305.SH,科德数控,54.91,66.48,21.07%
300537.SZ,广信材料,17.24,20.87,21.06%
002219.SZ,新里程,2.09,2.53,21.05%
300223.SZ,北京君正,119.00,144.05,21.05%
603045.SH,福达合金,46.52,56.31,21.04%
603488.SH,展鹏科技,7.75,9.38,21.03%
688336.SH,三生国健,39.99,48.40,21.03%
002654.SZ,万润科技,11.47,13.88,21.01%
300996.SZ,普联软件,17.09,20.68,21.01%
600482.SH,中国动力,26.95,32.61,21.00%
301171.SZ,易点天下,32.34,39.13,21.00%
001229.SZ,魅视科技,34.98,42.32,20.98%
688820.SH,盛合晶微,116.42,140.84,20.98%
300586.SZ,美联新材,7.82,9.46,20.97%
688500.SH,慧辰股份,32.30,39.07,20.96%
601858.SH,中国科传,21.76,26.32,20.96%
300819.SZ,聚杰微纤,40.60,49.10,20.94%
300158.SZ,振东制药,4.97,6.01,20.93%
603435.SH,嘉德利,45.31,54.79,20.92%
600403.SH,大有能源,5.55,6.71,20.90%
603270.SH,金帝股份,23.71,28.66,20.88%
601678.SH,滨化股份,6.15,7.43,20.81%
001389.SZ,广合科技,140.58,169.80,20.79%
600396.SH,华电辽能,15.51,18.73,20.76%
000823.SZ,超声电子,12.67,15.30,20.76%
603328.SH,依顿电子,9.46,11.42,20.72%
000938.SZ,紫光股份,33.10,39.95,20.69%
301536.SZ,星宸科技,104.31,125.79,20.59%
688110.SH,东芯股份,97.10,117.09,20.59%
600259.SH,中稀有色,76.46,92.20,20.59%
605366.SH,宏柏新材,7.10,8.56,20.56%
688450.SH,光格科技,29.18,35.18,20.56%
300739.SZ,明阳电路,19.46,23.46,20.55%
688207.SH,格灵深瞳,16.69,20.12,20.55%
002897.SZ,意华股份,49.76,59.98,20.54%
300478.SZ,杭州高新,25.28,30.47,20.53%
002458.SZ,益生股份,8.73,10.52,20.50%
002647.SZ,仁东控股,9.52,11.47,20.48%
301458.SZ,钧崴电子,32.68,39.37,20.47%
300849.SZ,锦盛新材,19.22,23.15,20.45%
600392.SH,盛和资源,21.08,25.39,20.45%
301117.SZ,佳缘科技,17.43,20.99,20.42%
300795.SZ,米奥会展,14.20,17.10,20.42%
688120.SH,华海清科,226.99,273.33,20.41%
600156.SH,华升股份,7.55,9.09,20.40%
301121.SZ,紫建电子,30.67,36.92,20.38%
000975.SZ,山金国际,22.56,27.14,20.30%
688321.SH,微芯生物,25.91,31.17,20.30%
688235.SH,百济神州,249.65,300.30,20.29%
603407.SH,长裕集团,55.17,66.33,20.23%
688107.SH,安路科技,27.49,33.05,20.23%
605588.SH,冠石科技,39.96,48.04,20.22%
688237.SH,超卓航科,51.00,61.30,20.20%
603095.SH,越剑智能,12.43,14.94,20.19%
300654.SZ,世纪天鸿,10.40,12.50,20.19%
300196.SZ,长海股份,15.57,18.71,20.17%
300648.SZ,星云股份,33.88,40.70,20.13%
300042.SZ,朗科科技,39.21,47.10,20.12%
300244.SZ,迪安诊断,17.61,21.15,20.10%
603386.SH,骏亚科技,11.35,13.63,20.09%
600500.SH,中化国际,4.59,5.51,20.04%
300656.SZ,民德电子,23.00,27.61,20.04%
300052.SZ,中青宝,10.04,12.05,20.02%
301270.SZ,汉仪股份,29.38,35.26,20.01%
301003.SZ,江苏博云,44.62,53.55,20.01%
