ts_code,stock_name,buy_date,buy_price,max_return_10d,max_return_20d,max_return_60d,amplitude,gain
000012.SZ,南  玻Ａ,20260225,5.18,-2.7027027027026964,-2.7027027027026964,-2.7027027027026964,12.4153498871332,9.978768577494687
000027.SZ,深圳能源,20251023,7.51,-2.6631158455392834,-2.6631158455392834,-2.6631158455392834,13.162118780096296,9.956076134699849
000035.SZ,中国天楹,20250929,5.38,14.312267657992574,14.312267657992574,15.055762081784396,23.459715639810433,7.815631262525044
000039.SZ,中集集团,20251114,8.94,4.586129753914991,6.263982102908283,27.62863534675616,8.81971465629054,9.963099630996293
000049.SZ,德赛电池,20260421,29.64,1.7881241565452128,1.7881241565452128,,20.521172638436493,7.23589001447178
000060.SZ,中金岭南,20251009,6.06,0.8250825082508368,0.8250825082508368,0.8250825082508368,28.959276018099555,6.315789473684201
000065.SZ,北方国际,20260324,14.22,13.783403656821372,13.783403656821372,,30.093457943925237,9.976798143851516
000069.SZ,华侨城Ａ,20250922,2.7,-1.8518518518518614,-1.8518518518518614,8.518518518518517,18.01801801801801,8.000000000000007
000100.SZ,TCL科技,20260106,4.93,1.014198782961475,3.448275862068964,3.448275862068964,18.024691358024704,8.35164835164835
000155.SZ,川能动力,20251029,12.2,3.852459016393448,15.16393442622952,15.737704918032788,14.922279792746107,10.009017132551843
000156.SZ,华数传媒,20260210,9.83,-4.577822990844347,-4.577822990844347,-4.577822990844347,22.29822161422709,9.95525727069352
000157.SZ,中联重科,20260203,9.35,6.63101604278076,6.9518716577540145,6.9518716577540145,24.000000000000004,8.217592592592581
000301.SZ,东方盛虹,20260123,12.08,9.437086092715237,11.092715231788079,20.695364238410598,31.74971031286209,6.4317180616740135
000338.SZ,潍柴动力,20251106,18.03,1.608430393788126,1.608430393788126,34.88630061009428,19.026870007262172,10.00610128126907
000400.SZ,许继电气,20260119,32.4,1.512345679012352,1.512345679012352,4.84567901234568,31.637661758143686,10.016977928692697
000410.SZ,沈阳机床,20251022,7.83,2.1711366538952737,12.643678160919544,12.643678160919544,20.03154574132493,9.97191011235955
000420.SZ,吉林化纤,20260316,5.1,7.450980392156878,7.450980392156878,9.411764705882362,32.453825857519774,5.809128630705381
000422.SZ,湖北宜化,20251106,15.13,7.534699272967606,7.534699272967606,13.681427627230658,31.02253032928943,6.624383368569424
000516.SZ,国际医学,20260113,5.63,9.94671403197159,9.94671403197159,9.94671403197159,30.069930069930074,9.960937499999996
000537.SZ,绿发电力,20260311,11.37,10.026385224274412,10.026385224274412,10.026385224274412,25.943970767356866,9.961315280464209
000539.SZ,粤电力Ａ,20260319,6.17,21.393841166936795,21.393841166936795,,26.923076923076934,9.982174688057032
000543.SZ,皖能电力,20251010,7.85,1.146496815286634,10.44585987261147,12.35668789808918,10.857142857142854,5.087014725568941
000547.SZ,航天发展,20251114,9.41,49.84059511158341,135.17534537725822,325.0797024442083,29.09090909090909,10.058479532163735
000568.SZ,泸州老窖,20251110,142.49,0.5824970173345386,0.5824970173345386,0.5824970173345386,29.439338235294134,8.233953665020891
000581.SZ,威孚高科,20250926,23.56,-1.6129032258064475,-1.6129032258064475,-1.6129032258064475,24.54394693200664,6.848072562358268
000582.SZ,北部湾港,20260211,10.46,9.08221797323135,10.516252390057357,30.68833652007647,25.69360675512667,5.763397371081903
000591.SZ,太阳能,20260114,5.06,13.241106719367608,13.241106719367608,31.818181818181827,11.845102505694772,10.0
000592.SZ,平潭发展,20251020,4.08,90.93137254901961,193.38235294117646,311.7647058823529,34.843205574912886,9.97304582210243
000600.SZ,建投能源,20251015,8.83,10.419026047565119,10.419026047565119,10.419026047565119,33.33333333333334,5.119047619047615
000620.SZ,盈新发展,20251021,1.98,61.11111111111111,93.43434343434343,93.43434343434343,22.435897435897427,9.999999999999996
000629.SZ,钒钛股份,20250929,3.08,1.6233766233766176,1.6233766233766176,9.415584415584416,20.967741935483872,10.000000000000009
000636.SZ,风华高科,20251015,16.04,10.162094763092286,13.40399002493767,13.40399002493767,21.99233716475095,5.874587458745866
000680.SZ,山推股份,20251014,11.36,6.514084507042256,6.514084507042256,9.59507042253521,30.99762470308788,6.666666666666658
000681.SZ,视觉中国,20251013,24.93,0.48134777376655036,0.48134777376655036,2.527075812274364,23.523150612027685,7.410598879793187
000682.SZ,东方电子,20260119,13.99,4.789135096497497,4.789135096497497,9.363831308077202,28.585365853658534,6.145675265553873
000685.SZ,中山公用,20250923,10.85,32.903225806451616,32.903225806451616,32.903225806451616,26.885644768856437,5.237633365664395
000686.SZ,东北证券,20251029,9.34,10.492505353319062,11.670235546038544,11.670235546038544,25.555555555555543,6.864988558352398
000690.SZ,宝新能源,20260311,5.04,11.309523809523816,14.28571428571428,22.817460317460323,16.46778042959426,5.000000000000004
000703.SZ,恒逸石化,20251202,8.21,2.9232643118148407,33.73934226552983,62.362971985383666,30.120481927710845,10.053619302949073
000708.SZ,中信特钢,20251027,14.82,3.711201079622125,5.330634278002693,10.458839406207831,25.5357142857143,5.4054054054054035
000709.SZ,河钢股份,20251009,2.67,0.7490636704119857,0.7490636704119857,0.7490636704119857,24.39024390243903,5.118110236220468
000723.SZ,美锦能源,20251029,5.28,5.30303030303029,10.795454545454533,10.795454545454533,21.77033492822967,7.975460122699399
000725.SZ,京东方Ａ,20260106,4.5,2.2222222222222143,2.2222222222222143,2.2222222222222143,12.041884816753939,6.382978723404245
000727.SZ,冠捷科技,20250922,3.07,-3.908794788273605,-3.908794788273605,-3.908794788273605,28.69565217391305,10.035842293906803
000729.SZ,燕京啤酒,20260403,13.87,2.8118240807498243,2.8118240807498243,,18.515205724508053,7.269914926527451
000733.SZ,振华科技,20251027,53.13,0.9410878976096366,0.9410878976096366,10.709580274797661,18.13494732122843,8.761514841351078
000738.SZ,航发控制,20260106,22.44,10.828877005347591,17.335115864527616,31.23885918003564,17.23209477652127,5.0070191857744515
000739.SZ,普洛药业,20260113,17.79,8.825182686902757,8.825182686902757,8.825182686902757,11.850865512649808,9.476923076923072
000762.SZ,西藏矿业,20251009,25.7,-2.5291828793774265,10.894941634241247,19.922178988326852,34.89784649364992,5.198526401964796
000767.SZ,晋控电力,20260206,3.42,10.526315789473681,15.204678362573102,49.70760233918129,14.69534050179212,9.96784565916399
000768.SZ,中航西飞,20260108,29.8,4.261744966442952,4.261744966442952,4.932885906040265,24.57841483979765,5.598866052445081
000778.SZ,新兴铸管,20251027,4.32,2.546296296296283,2.546296296296283,8.101851851851844,19.881305637982194,6.930693069306937
000785.SZ,居然智家,20260113,3.61,-4.432132963988911,-4.432132963988911,-4.432132963988911,20.21660649819495,10.0609756097561
000786.SZ,北新建材,20260204,29.55,-0.9137055837563437,-0.2368866328257201,-0.2368866328257201,21.861656703672065,5.611150822015727
000791.SZ,甘肃能源,20260227,7.71,15.304798962386517,19.974059662775616,32.03631647211414,13.657770800627944,7.832167832167826
000792.SZ,盐湖股份,20251009,22.41,2.097278000892454,12.182061579651943,38.24185631414547,32.213062777425506,7.482014388489203
000825.SZ,太钢不锈,20251215,4.86,6.790123456790124,14.609053497942384,14.609053497942384,28.81355932203389,9.954751131221728
000829.SZ,天音控股,20251201,11.36,1.1443661971831056,1.1443661971831056,4.753521126760572,14.74019088016968,9.97095837366892
000839.SZ,国安股份,20260210,3.27,15.29051987767584,21.712538226299692,21.712538226299692,19.921874999999993,10.101010101010093
000875.SZ,电投绿能,20250929,6.12,3.594771241830061,3.594771241830061,3.594771241830061,19.87951807228914,5.154639175257729
000899.SZ,赣能股份,20260226,13.28,21.611445783132524,21.611445783132524,21.611445783132524,31.912568306010925,10.024855012427498
000902.SZ,新洋丰,20251106,15.68,5.676020408163269,5.676020408163269,11.798469387755112,15.75757575757576,6.089309878213805
000905.SZ,厦门港务,20251017,9.36,22.222222222222225,24.679487179487186,70.61965811965814,23.274695534506087,9.988249118683898
000917.SZ,电广传媒,20251020,8.64,5.439814814814802,5.439814814814802,53.58796296296294,23.26589595375722,10.063694267515935
000922.SZ,佳电股份,20260511,17.08,-2.576112412177973,-2.576112412177973,,32.89581624282199,9.980682549903406
000923.SZ,河钢资源,20250930,17.91,9.994416527079839,9.994416527079839,18.25795644891122,27.751937984496124,10.012285012285005
000927.SZ,中国铁物,20260122,2.95,0.6779661016949159,0.6779661016949159,13.220338983050835,10.546875,10.074626865671641
000930.SZ,中粮科技,20260302,7.11,11.95499296765119,11.95499296765119,11.95499296765119,19.473684210526304,5.022156573116702
000933.SZ,神火股份,20251009,21.21,12.91843470061291,27.10985384252711,34.22913719943422,24.22552664188352,5.997001499250371
000935.SZ,四川双马,20251125,23.59,3.136922424756246,8.859686307757524,22.97583721916067,31.871345029239762,6.261261261261264
000938.SZ,紫光股份,20260422,29.92,10.86229946524064,10.86229946524064,,21.222410865874362,8.366533864541841
000949.SZ,新乡化纤,20250926,4.44,7.432432432432414,7.432432432432414,26.12612612612611,16.445623342175058,6.730769230769236
000950.SZ,重药控股,20251215,6.79,1.0309278350515505,1.0309278350515505,1.0309278350515505,30.831643002028407,10.048622366288495
000951.SZ,中国重汽,20260203,19.8,9.343434343434334,16.666666666666668,33.48484848484848,18.91064871481028,6.738544474393531
000966.SZ,长源电力,20260325,5.57,5.385996409335723,5.385996409335723,,23.820754716981128,6.095238095238101
000967.SZ,盈峰环境,20260225,8.01,18.476903870162303,18.476903870162303,104.9937578027466,22.62658227848101,5.3947368421052655
000969.SZ,安泰科技,20251009,14.92,42.96246648793564,57.64075067024128,57.64075067024128,29.722470904207704,10.029498525073741
000973.SZ,佛塑科技,20250929,7.94,2.896725440806039,11.586901763224168,92.06549118387909,32.76740237691003,9.972299168975079
000975.SZ,山金国际,20251009,24.48,0.8169934640522847,0.8169934640522847,3.9624183006535896,27.470686767169166,7.227332457293045
000977.SZ,浪潮信息,20260420,73.12,2.3659737417942965,5.826039387308521,,26.98726000358873,7.166935365674923
000987.SZ,越秀资本,20260105,8.59,26.193247962747378,36.08847497089639,36.08847497089639,18.117977528089888,5.528255528255519
000990.SZ,诚志股份,20260123,9.21,0.868621064060785,0.868621064060785,42.996742671009756,15.60773480662982,10.035842293906832
000998.SZ,隆平高科,20260130,10.51,-3.3301617507136028,5.042816365366312,5.042816365366312,9.267241379310358,5.416248746238708
001286.SZ,陕西能源,20260421,11.77,1.1894647408666148,2.1240441801189465,,24.00430570505921,6.612318840579714
001287.SZ,中电港,20260506,29.11,5.73686018550327,5.73686018550327,,30.863614912694658,10.015117157974295
001979.SZ,招商蛇口,20260129,10.88,0.36764705882352156,0.36764705882352156,0.36764705882352156,20.11695906432747,8.043694141012914
002001.SZ,新 和 成,20260119,26.61,5.74971815107103,14.430665163472378,47.68883878241262,17.713511070944428,5.219454329774615
002009.SZ,天奇股份,20251229,21.3,9.999999999999995,34.8356807511737,68.40375586854458,27.957699933906138,10.0206611570248
002011.SZ,盾安环境,20250922,14.8,1.2837837837837804,1.2837837837837804,1.2837837837837804,30.747398297067168,8.266276517922464
002025.SZ,航天电器,20260106,56.85,24.432717678100254,24.432717678100254,37.590149516270884,33.95946613939694,10.00386996904025
002034.SZ,旺能环境,20260513,21.47,7.265952491849102,7.265952491849102,,25.031766200762384,9.989754098360653
002044.SZ,美年健康,20251218,6.02,0.830564784053168,41.36212624584718,41.36212624584718,21.280991735537196,10.05484460694698
002051.SZ,中工国际,20260402,9.91,20.08072653884965,20.78708375378406,,14.250309789343252,9.98890122086571
002056.SZ,横店东磁,20260313,25.84,-8.320433436532502,-8.320433436532502,13.854489164086695,32.93718166383699,10.004257130693919
002063.SZ,远光软件,20260306,7.01,7.417974322396582,7.417974322396582,7.417974322396582,15.41038525963149,10.04709576138147
002065.SZ,东华软件,20250923,12.17,-6.08052588331964,-6.08052588331964,-6.08052588331964,34.44700460829493,7.413945278022947
002077.SZ,大港股份,20251112,18.9,-1.3227513227513228,-1.3227513227513228,-0.3174603174603107,34.9772382397572,10.011641443538991
002079.SZ,苏州固锝,20260123,11.11,0.9900990099010011,7.470747074707472,7.470747074707472,19.021739130434785,5.608365019011406
002081.SZ,金 螳 螂,20260420,4.08,74.99999999999999,95.58823529411765,,21.630094043887148,9.97304582210243
002091.SZ,江苏国泰,20251031,9.34,14.025695931477522,14.025695931477522,14.025695931477522,31.35593220338984,6.257110352673502
002092.SZ,中泰化学,20251113,5.35,-0.5607476635513899,-0.5607476635513899,31.028037383177576,13.406593406593414,5.108055009823179
002120.SZ,韵达股份,20260427,8.13,-1.9680196801968146,-1.9680196801968146,,18.897637795275593,10.013531799729378
002129.SZ,TCL中环,20250925,9.41,1.3815090329436663,1.8065887353878844,15.94048884165781,23.98884239888425,10.058479532163735
002145.SZ,钛能化学,20250922,5.84,4.280821917808219,4.280821917808219,4.280821917808219,33.082706766917276,9.981167608286258
002151.SZ,北斗星通,20251222,36.43,58.38594564919024,83.63985726049961,83.63985726049961,20.8318132068588,9.993961352657013
002157.SZ,正邦科技,20251201,3.21,16.1993769470405,16.1993769470405,16.1993769470405,18.51851851851852,5.592105263157892
002158.SZ,汉钟精机,20260506,30.37,15.377016792887712,17.714850181099763,,29.324699352451432,9.99637812386817
002170.SZ,芭田股份,20251106,12.42,9.178743961352662,9.178743961352662,15.378421900161033,16.205128205128204,10.008857395925604
002179.SZ,中航光电,20260511,40.61,3.1765574981531626,3.1765574981531626,,25.75147195537649,9.994582881906819
002183.SZ,怡 亚 通,20260128,6.19,-2.1001615508885423,-2.1001615508885423,0.4846526655896504,33.924611973392466,5.272108843537423
002185.SZ,华天科技,20260121,14.18,7.19322990126939,7.19322990126939,7.19322990126939,33.707865168539335,10.007757951900691
002203.SZ,海亮股份,20260109,14.05,12.028469750889675,12.028469750889675,12.028469750889675,31.542968750000007,10.023492560689125
002204.SZ,大连重工,20251111,7.33,-1.3642564802182762,-1.3642564802182762,10.914051841746259,25.678119349005424,10.060060060060058
002208.SZ,合肥城建,20251009,8.37,83.87096774193552,83.87096774193552,83.87096774193552,25.603864734299513,7.3076923076922995
002221.SZ,东华能源,20260302,9.33,7.288317256162912,7.288317256162912,7.288317256162912,19.422572178477683,8.741258741258742
002223.SZ,鱼跃医疗,20260112,43.45,4.487917146144984,4.487917146144984,4.487917146144984,16.02637614678898,7.656095143706648
002230.SZ,科大讯飞,20250924,55.05,8.337874659400551,8.337874659400551,8.337874659400551,25.496611357793885,6.58276863504356
002243.SZ,力合科创,20251023,9.93,-1.4098690835851013,-1.4098690835851013,19.838872104733138,25.979112271540473,9.966777408637878
002244.SZ,滨江集团,20250922,12.29,2.115541090317344,2.115541090317344,2.115541090317344,27.77777777777778,6.869565217391297
002261.SZ,拓维信息,20260309,42.96,-2.7932960893854815,-2.7932960893854815,-2.7932960893854815,34.36866981769073,10.01280409731115
002266.SZ,浙富控股,20260122,4.98,3.6144578313252955,4.819277108433721,5.421686746987943,34.745762711864394,9.93377483443709
002268.SZ,电科网安,20251226,20.33,16.87161829808167,16.87161829808167,16.87161829808167,17.65417170495769,10.0108225108225
002271.SZ,东方雨虹,20260120,15.37,16.785946649316852,21.990891346779446,22.966818477553673,30.481283422459892,7.033426183844011
002273.SZ,水晶光电,20260409,30.11,11.192294918631676,26.170707406177357,,28.90199637023594,6.848828956706883
002292.SZ,奥飞娱乐,20260112,10.85,-4.884792626728105,-4.884792626728105,0.2764976958525451,21.540312876052937,8.608608608608604
002310.SZ,东方新能,20260316,2.99,28.428093645484935,28.428093645484935,28.428093645484935,26.222222222222214,9.926470588235293
002312.SZ,川发龙蟒,20260225,13.75,-0.5090909090909111,-0.5090909090909111,-0.5090909090909111,24.9759846301633,7.758620689655174
002318.SZ,久立特材,20251009,26.33,0.07595898214965108,0.8735282947208524,10.102544625902015,13.721890775585141,8.042675420599085
002361.SZ,神剑股份,20251219,8.17,77.3561811505508,121.78702570379438,121.78702570379438,21.931260229132565,9.95962314939435
002366.SZ,融发核电,20260112,9.23,-7.475622968580728,-7.475622968580728,-3.7919826652220974,28.022759601706966,5.005688282138809
002373.SZ,千方科技,20260106,12.88,4.968944099378873,4.968944099378873,4.968944099378873,27.35949098621421,8.326324642556772
002380.SZ,科远智慧,20251021,30.24,3.174603174603178,3.174603174603178,8.465608465608462,32.33082706766918,10.00363768643143
002389.SZ,航天彩虹,20260109,27.41,6.348048157606708,6.348048157606708,6.895293688434879,29.59619952494062,6.612213146635547
002400.SZ,省广集团,20251124,9.74,-0.20533880903490323,-0.20533880903490323,41.7864476386037,27.06043956043956,10.05649717514125
002405.SZ,四维图新,20251015,9.85,-1.218274111675119,-1.218274111675119,6.0913705583756315,24.334600760456286,5.9139784946236436
002408.SZ,齐翔腾达,20260123,6.09,0.16420361247947104,0.9852216748768554,15.270935960591128,23.965141612200448,7.029876977152889
002409.SZ,雅克科技,20250924,71.18,19.33127282944646,19.33127282944646,19.33127282944646,30.25242718446602,6.112104949314265
002410.SZ,广联达,20260115,15.7,-2.738853503184712,-2.738853503184712,-2.738853503184712,26.5843621399177,5.581708137188972
002413.SZ,雷科防务,20251125,7.01,39.51497860199714,42.36804564907277,187.16119828815977,31.975560081466398,10.04709576138147
002415.SZ,海康威视,20251009,34.17,-0.7609013754755782,-0.7609013754755782,-0.7609013754755782,15.62729273661041,8.407360406091376
002416.SZ,爱施德,20260109,13.64,1.7595307917888579,1.7595307917888579,4.985337243401757,13.557858376511229,6.147859922178996
002426.SZ,胜利精密,20260119,4.49,2.672605790645882,2.672605790645882,2.672605790645882,34.52768729641694,10.04901960784314
002432.SZ,九安医疗,20251110,44.2,-0.7013574660633536,-0.7013574660633536,-0.49773755656109947,19.68085106382979,10.004977600796423
002440.SZ,闰土股份,20260121,9.01,39.73362930077692,70.69922308546062,70.69922308546062,20.618556701030922,10.012210012210017
002444.SZ,巨星科技,20260106,37.28,3.5675965665236,3.8090128755364856,3.8090128755364856,27.714186611168927,8.910312591294199
002465.SZ,海格通信,20251229,15.35,73.42019543973942,73.42019543973942,73.42019543973942,29.32862190812721,10.035842293906812
002468.SZ,申通快递,20260416,18.03,-1.6638935108153114,-1.6638935108153114,,30.286168521462642,10.00610128126907
002493.SZ,荣盛石化,20251230,11.98,0.0,21.78631051752921,33.72287145242069,32.58293838862559,7.059874888293127
002506.SZ,协鑫集成,20251111,2.96,8.783783783783791,8.783783783783791,40.54054054054055,34.24657534246575,10.037174721189592
002531.SZ,天顺风能,20260203,8.59,14.202561117578588,28.637951105937148,51.92083818393481,30.934150076569683,7.644110275689216
002539.SZ,云图控股,20260119,13.24,15.33232628398791,22.054380664652566,25.377643504531733,26.26262626262626,9.966777408637883
002580.SZ,圣阳股份,20260325,15.54,18.14671814671815,112.35521235521237,,18.539786710418372,9.97876857749468
002585.SZ,双星新材,20251204,6.3,20.95238095238096,20.95238095238096,30.47619047619049,25.10204081632652,9.94764397905758
002595.SZ,豪迈科技,20251027,63.87,10.020353843745106,10.020353843745106,38.077344606231414,15.0994575045208,10.006889424733027
002597.SZ,金禾实业,20260210,26.22,8.009153318077809,8.009153318077809,8.009153318077809,23.107971745711396,9.983221476510062
002601.SZ,龙佰集团,20260106,20.91,-1.147776183644182,8.225729316116686,11.669057867049265,25.29302899444786,6.250000000000003
002603.SZ,以岭药业,20251107,18.72,12.446581196581208,12.446581196581208,12.446581196581208,28.756290438533426,6.849315068493146
002607.SZ,中公教育,20260113,3.29,1.2158054711246211,1.2158054711246211,1.2158054711246211,31.380753138075313,10.033444816053505
002608.SZ,江苏国信,20260529,9.2,14.130434782608706,,,19.891745602165088,10.047846889952151
002611.SZ,东方精工,20260519,20.35,-5.798525798525796,,,24.861196792103623,5.005159958720343
002635.SZ,安洁科技,20260409,15.75,10.539682539682541,10.539682539682541,,20.234375,9.986033519553072
002643.SZ,万润股份,20251223,16.38,-2.6251526251526234,10.989010989010994,10.989010989010994,31.769911504424776,10.006715916722623
002645.SZ,华宏科技,20260401,18.43,23.331524688008688,39.826370048833425,,25.123849964614287,10.029850746268655
002648.SZ,卫星化学,20260120,20.79,17.171717171717173,17.171717171717173,45.6950456950457,26.429010448678554,6.670087224217551
002654.SZ,万润科技,20250922,15.82,2.085967130214907,8.975979772439938,8.975979772439938,33.27154772937907,10.013908205841442
002655.SZ,共达电声,20260213,15.5,14.516129032258066,16.580645161290324,154.1290322580645,25.04273504273506,6.164383561643838
002690.SZ,美亚光电,20250922,21.99,-1.728058208276485,-1.728058208276485,-1.728058208276485,33.91472868217054,6.078147612156286
002698.SZ,博实股份,20250923,17.86,1.7917133258678628,1.7917133258678628,1.7917133258678628,20.06756756756756,5.058823529411762
002701.SZ,奥瑞金,20251013,6.26,3.833865814696489,3.833865814696489,3.833865814696489,18.410852713178297,10.01757469244287
002703.SZ,浙江世宝,20251217,14.47,67.79543883897719,91.84519695922599,91.84519695922599,21.247892074199,10.038022813688215
002705.SZ,新宝股份,20260415,17.34,8.131487889273357,8.131487889273357,,25.317460317460316,10.025380710659899
002730.SZ,电光科技,20260309,19.17,19.77047470005216,53.834115805946766,82.83776734480956,21.467764060356657,9.98278829604132
002739.SZ,儒意电影,20260210,13.87,-9.949531362653202,-9.949531362653202,-9.949531362653202,20.149953139643863,9.992069785884219
002745.SZ,木林森,20260121,10.5,3.809523809523813,3.809523809523813,3.809523809523813,19.207683073229287,6.060606060606057
002803.SZ,吉宏股份,20260507,21.4,9.766355140186917,9.766355140186917,,31.189710610932458,7.917297024710038
002821.SZ,凯莱英,20260401,121.85,3.9392695937628326,6.27000410340584,,27.039106145251402,10.002708314525592
002831.SZ,裕同科技,20260311,34.06,11.802701115678202,11.802701115678202,31.06283029947151,25.998433829287393,10.012919896640831
002832.SZ,比音勒芬,20260429,19.67,7.473309608540919,7.473309608540919,,24.44593687038281,10.011185682326637
002850.SZ,科达利,20260416,205.59,1.935891823532268,1.935891823532268,,28.56656915436423,10.0
002895.SZ,川恒股份,20250930,29.26,8.339029391660963,22.590567327409417,33.08270676691728,25.157232704402503,5.025125628140711
002925.SZ,盈趣科技,20260112,21.84,-1.877289377289378,-1.877289377289378,7.738095238095244,27.48815165876778,5.5072463768115965
002945.SZ,华林证券,20260106,17.84,13.228699551569504,13.228699551569504,16.31165919282511,24.259520451339924,9.987669543773126
002967.SZ,广电计量,20251209,23.28,0.9450171821305793,2.233676975945015,7.860824742268034,34.79318734793186,6.204379562043792
002969.SZ,嘉美包装,20251209,4.56,159.8684210526316,323.4649122807018,632.2368421052632,27.433628318584073,7.801418439716292
002970.SZ,锐明技术,20260107,54.78,7.119386637458924,22.818546914932455,51.02227090178898,20.574497898178425,6.908665105386415
002978.SZ,安宁股份,20260106,36.17,4.617085982858727,16.035388443461425,17.9706939452585,14.89361702127661,10.006082725060823
002979.SZ,雷赛智能,20260508,49.51,34.09412239951526,34.09412239951526,,29.07943791224549,9.997778271495223
003022.SZ,联泓新科,20260423,24.77,3.270084779975772,10.981025433992729,,23.65532381997806,9.991119005328597
003035.SZ,南网能源,20260120,5.63,32.14920071047958,34.99111900532859,88.27708703374778,15.502183406113538,9.960937499999996
300001.SZ,特锐德,20250923,27.95,1.7889087656529516,7.334525939177104,10.41144901610018,17.511520737327192,15.927001244296973
300008.SZ,天海防务,20251119,7.82,17.90281329923274,17.90281329923274,18.0306905370844,33.56164383561644,14.16058394160585
300012.SZ,华测检测,20260120,16.41,1.0359536867763448,1.0359536867763448,5.6063375990249735,24.97945768282663,7.889546351084807
300017.SZ,网宿科技,20260126,13.78,40.13062409288824,63.42525399129173,63.42525399129173,28.790983606557386,20.034843205574905
300031.SZ,宝通科技,20260519,26.69,0.41213937804420914,,,32.36964377903975,8.056680161943328
300034.SZ,钢研高纳,20251215,19.27,2.5947067981318113,15.672029060716136,29.21639854696419,19.52165481577245,7.1150639244024525
300053.SZ,航宇微,20251201,17.43,4.3029259896729775,6.712564543889855,44.061962134251296,26.655764513491416,14.746543778801847
300054.SZ,鼎龙股份,20250922,35.1,9.800569800569793,9.800569800569793,11.680911680911684,27.927580893682585,5.691056910569108
300088.SZ,长信科技,20260416,7.77,-2.316602316602313,-2.316602316602313,,22.648083623693378,14.096916299559473
300098.SZ,高新兴,20260106,6.51,10.906298003072196,10.906298003072196,10.906298003072196,26.612903225806456,5.681818181818176
300101.SZ,振芯科技,20251230,27.78,20.266378689704805,20.266378689704805,20.266378689704805,27.745940783190058,8.388607101053463
300118.SZ,东方日升,20251105,12.06,6.135986733001659,6.135986733001659,90.13266998341625,31.164383561643845,11.152073732718902
300128.SZ,锦富技术,20250923,5.88,11.734693877551027,47.61904761904761,47.61904761904761,27.35229759299781,9.49720670391061
300129.SZ,泰胜风能,20251024,8.51,1.880141010575795,2.8202115158636922,99.76498237367804,33.70253164556961,5.583126550868477
300133.SZ,华策影视,20260112,10.36,-6.177606177606166,-6.177606177606166,8.397683397683407,34.89655172413792,14.348785871964667
300140.SZ,节能环境,20260203,7.79,-1.412066752246474,4.878048780487804,4.878048780487804,26.146010186757216,5.69877883310719
300142.SZ,沃森生物,20260126,14.48,-6.837016574585636,-6.837016574585636,-6.837016574585636,24.564619615032075,11.470361816782141
300151.SZ,昌红科技,20260116,17.75,-1.1267605633802777,-1.1267605633802777,9.802816901408441,30.654058313632778,9.230769230769232
300166.SZ,东方国信,20260210,12.83,19.329696024941548,21.979734996102888,67.1083398285269,31.96635120925343,6.296603148301571
300170.SZ,汉得信息,20260108,22.67,35.20070577856196,35.20070577856196,35.20070577856196,26.158536585365873,13.350000000000009
300179.SZ,四方达,20251010,11.46,36.21291448516578,36.21291448516578,62.390924956369965,30.188679245283,8.317580340264657
300182.SZ,捷成股份,20251031,6.65,3.0075187969924704,3.0075187969924704,3.0075187969924704,26.31578947368422,6.570512820512822
300184.SZ,力源信息,20260417,12.63,10.05542359461599,21.536025336500387,,24.01247401247402,5.867560771165139
300185.SZ,通裕重工,20260313,4.21,-0.23752969121139636,-0.23752969121139636,-0.23752969121139636,25.357142857142854,19.943019943019948
300191.SZ,潜能恒信,20260122,23.13,55.38261997405966,62.04063986165153,129.48551664504973,28.99135446685877,8.642555190230155
300201.SZ,海伦哲,20251125,6.36,-2.0440251572327024,-2.0440251572327024,49.52830188679244,19.760479041916174,6.000000000000005
300222.SZ,科大智能,20260518,13.71,24.288840262582042,,,29.92277992277994,6.444099378881988
300244.SZ,迪安诊断,20260109,21.72,35.81952117863721,35.81952117863721,35.81952117863721,24.828060522696006,19.999999999999986
300251.SZ,光线传媒,20260210,25.56,6.494522691705791,6.494522691705791,6.494522691705791,34.38485804416405,19.99999999999999
300263.SZ,隆华科技,20260108,9.85,5.380710659898489,19.39086294416244,25.177664974619297,22.09150326797385,8.360836083608358
300265.SZ,通光线缆,20251211,12.01,20.8992506244796,38.55120732722732,78.68442964196504,23.63433667781493,19.980019980019982
300277.SZ,汽轮科技,20260122,18.77,1.598295151838043,33.88385721896643,35.26904635055941,34.99184339314846,18.273471959672342
300296.SZ,利亚德,20260224,7.79,17.329910141206682,18.22849807445444,18.22849807445444,25.29118136439269,7.300275482093667
300302.SZ,同有科技,20250922,17.86,17.413213885778273,28.947368421052644,41.37737961926092,33.229813664596264,5.868405453467684
300303.SZ,聚飞光电,20260224,7.82,60.23017902813298,60.23017902813298,60.23017902813298,20.128824476650564,5.248990578734866
300315.SZ,掌趣科技,20260113,6.86,3.7900874635568482,3.7900874635568482,3.7900874635568482,33.615221987315,14.907872696817432
300319.SZ,麦捷科技,20260224,13.32,6.831831831831833,6.831831831831833,12.537537537537538,18.644067796610166,5.966587112171838
300323.SZ,华灿光电,20260305,10.25,30.829268292682926,30.829268292682926,82.73170731707317,25.068493150684944,20.023419203747082
300337.SZ,银邦股份,20251208,13.57,2.2844509948415657,31.908621960206325,55.932203389830505,24.01247401247402,19.98231653404067
300342.SZ,天银机电,20251208,22.26,31.761006289308156,55.84007187780771,175.2470799640611,27.858880778588794,5.899143672692683
300393.SZ,中来股份,20251111,8.02,9.725685785536173,9.725685785536173,28.67830423940151,28.1609195402299,20.059880239520957
300398.SZ,飞凯材料,20260130,27.75,5.297297297297293,20.43243243243244,29.081081081081084,32.03694701020904,6.15914307574598
300442.SZ,润泽科技,20260109,69.2,31.083815028901718,31.083815028901718,49.40751445086705,34.87348734873486,15.699715766594217
300446.SZ,航天智造,20251029,19.87,13.38701560140916,13.38701560140916,54.45395067941621,18.539325842696623,8.817086527929897
300480.SZ,光力科技,20260116,20.92,8.46080305927342,34.94263862332695,65.82217973231354,27.31481481481482,11.752136752136769
300487.SZ,蓝晓科技,20250924,59.31,0.7587253414263965,0.7587253414263965,3.894790085988864,33.74117647058824,5.740773756462826
300489.SZ,光智科技,20251226,52.19,-0.019160758766043326,-0.019160758766043326,-0.019160758766043326,27.925396014307612,6.185147507629703
300568.SZ,星源材质,20260512,18.36,-0.5446623093681802,-0.5446623093681802,,33.509833585476535,5.456634118322799
300576.SZ,容大感光,20251201,40.99,2.927543303244683,4.440107343254453,10.490363503293478,22.51497005988025,17.855089131684878
300580.SZ,贝斯特,20260420,29.87,2.8791429527954446,2.8791429527954446,,31.27962085308056,7.833935018050547
300613.SZ,富瀚微,20260424,56.08,13.908701854493588,18.42011412268188,,32.784810126582286,20.008559811684147
300627.SZ,华测导航,20260106,42.33,9.378691235530354,9.378691235530354,9.378691235530354,26.0641781270465,16.13168724279834
300632.SZ,光莆股份,20251208,17.32,-4.6189376443418055,-4.6189376443418055,-4.6189376443418055,30.049261083743843,10.529674537332486
300634.SZ,彩讯股份,20260112,33.43,7.538139395752327,7.538139395752327,7.538139395752327,29.00042900042901,13.16858496953284
300657.SZ,弘信电子,20260416,35.25,5.361702127659576,47.744680851063826,,29.231351760696718,7.46951219512196
300661.SZ,圣邦股份,20260423,86.99,18.841246120243706,36.33751005862743,,31.049935979513442,6.240840254030288
300666.SZ,江丰电子,20250924,98.82,15.88747217162518,15.88747217162518,15.88747217162518,23.27844311377245,20.0
300676.SZ,华大基因,20260113,58.01,2.1375624892259992,2.1375624892259992,2.1375624892259992,25.24426266757555,6.051188299817175
300699.SZ,光威复材,20251226,34.87,33.26641812446229,33.26641812446229,33.26641812446229,16.78520625889048,8.426616915422889
300726.SZ,宏达电子,20251015,41.4,10.579710144927542,10.579710144927542,35.86956521739131,24.707692307692312,5.693132499361749
300739.SZ,明阳电路,20260116,19.69,1.6251904520060958,14.321990858303707,78.56780091416961,33.99452804377566,5.294117647058835
300768.SZ,迪普科技,20251010,20.07,15.545590433482815,21.973094170403588,21.973094170403588,24.666242848061025,5.354330708661415
300775.SZ,三角防务,20251106,30.59,5.132396207911071,5.132396207911071,30.107878391631242,19.36026936026935,20.007846214201656
300782.SZ,卓胜微,20260310,85.2,5.98591549295774,6.408450704225345,65.35211267605632,23.88888888888887,5.185185185185189
300820.SZ,英杰电气,20251009,62.26,-6.312238997751366,-6.312238997751366,-4.465146161259238,32.23600911623195,20.007710100231293
300861.SZ,美畅股份,20260123,19.3,-2.95336787564767,2.4870466321243545,2.4870466321243545,32.34672304439747,20.024875621890565
300866.SZ,安克创新,20260511,129.1,5.6545313710302185,5.6545313710302185,,34.98332077908102,8.033472803347276
300895.SZ,铜牛信息,20260114,56.71,-0.21160289190618486,-0.21160289190618486,34.61470640098748,32.65647396082179,6.698024459078085
300913.SZ,兆龙互连,20260507,58.05,1.7226528854435832,9.595176571920758,,29.455113890129514,5.25838621940163
300975.SZ,商络电子,20260129,16.96,3.1249999999999853,3.1249999999999853,39.15094339622642,34.625322997416035,20.02830856334041
301029.SZ,怡合达,20260515,30.47,2.3301608139153296,2.3301608139153296,,33.08501314636284,6.949806949806951
301071.SZ,力量钻石,20251009,35.54,35.706246482836235,35.706246482836235,35.706246482836235,23.16758747697974,12.290679304897317
301109.SZ,军信股份,20251211,16.16,-2.289603960396046,-2.289603960396046,11.324257425742564,12.879884225759763,5.0032488628979825
301179.SZ,泽宇智能,20260303,18.88,39.353813559322035,39.353813559322035,50.84745762711865,21.00728959575879,6.787330316742078
301188.SZ,力诺药包,20260401,20.45,22.24938875305624,39.119804400978,,24.821775761503577,20.01173708920188
301207.SZ,华兰疫苗,20251021,21.68,8.763837638376378,17.06642066420664,17.06642066420664,29.877656149388297,9.49494949494949
301238.SZ,瑞泰新材,20260528,24.92,2.046548956661308,,,22.954303931987248,8.347826086956529
301246.SZ,宏源药业,20251013,17.69,-1.6393442622950969,17.750141322781214,51.950254381006204,26.17554858934171,20.013568521031214
301248.SZ,杰创智能,20251224,32.2,16.304347826086953,58.385093167701854,106.89440993788818,27.639882204459404,8.783783783783788
301269.SZ,华大九天,20251013,136.16,-0.5434782608695718,-0.5434782608695718,-0.5434782608695718,23.687627527360437,11.78064198341679
301275.SZ,汉朔科技,20260114,71.65,10.244242847173746,10.244242847173746,10.244242847173746,16.376173146906716,19.99665047730699
301291.SZ,明阳电气,20250923,47.32,6.677937447168208,9.234995773457307,12.214708368554525,23.58490566037736,5.038845726970041
301297.SZ,富乐德,20260422,42.4,15.731132075471702,27.78301886792453,,25.84097859327216,5.7356608478802915
301345.SZ,涛涛车业,20260422,280.0,1.4464285714285754,1.4464285714285754,,32.272143774069335,14.725887076948291
301373.SZ,凌玮科技,20260225,44.26,72.16448260280164,72.16448260280164,238.45458653411663,25.271739130434785,20.0108459869848
301382.SZ,蜂助手,20260112,41.3,2.9539951573850023,3.462469733656174,3.462469733656174,24.761298535964357,8.03034266283024
301458.SZ,钧崴电子,20260421,41.92,2.2662213740457915,7.371183206106862,,26.709062003179657,11.965811965811977
301500.SZ,飞南资源,20260128,21.11,15.67977261961157,27.90146849834202,44.90762671719565,27.1545827633379,20.01137009664582
301510.SZ,固高科技,20251201,36.68,10.632497273718645,10.632497273718645,10.632497273718645,28.799715909090917,6.318840579710145
301522.SZ,上大股份,20251225,38.48,24.71413721413723,24.71413721413723,24.71413721413723,22.978303747534497,7.456017872102749
301536.SZ,星宸科技,20260116,70.13,4.249251390275209,4.249251390275209,19.435334379010424,26.890912469801147,8.141865844255976
301566.SZ,达利凯普,20251126,19.75,-2.379746835443032,0.5569620253164529,36.0,20.11278195488722,5.78468130690947
301589.SZ,诺瓦星云,20260105,186.7,12.297803963577937,12.297803963577937,12.297803963577937,23.953629439913723,13.460954117289564
301603.SZ,乔锋智能,20260416,90.41,24.709656011503156,56.730450171441205,,31.668793873643907,20.00265463233341
301606.SZ,绿联科技,20260309,80.88,6.552917903066286,6.552917903066286,6.552917903066286,31.749311294765835,19.999999999999986
301611.SZ,珂玛科技,20250924,60.76,6.155365371955237,6.155365371955237,37.70572745227124,24.85331098072087,5.504427852057639
301629.SZ,矽电股份,20250923,225.85,12.464024795218068,12.464024795218068,12.464024795218068,27.677905162472026,19.998937357207367
301630.SZ,同宇新材,20260226,228.24,0.33298282509638577,0.33298282509638577,18.953732912723446,34.01669531058189,20.00000000000001
301631.SZ,壹连科技,20260422,114.4,8.986013986013987,20.80419580419579,,32.64005770617936,8.983519100695442
600010.SH,包钢股份,20260227,3.24,2.469135802469124,2.469135802469124,2.469135802469124,30.701754385964925,8.724832214765108
600011.SH,华能国际,20251029,8.26,1.4527845036319733,1.4527845036319733,1.4527845036319733,11.81556195965417,6.856403622250962
600022.SH,山东钢铁,20260225,1.74,1.7241379310344844,1.7241379310344844,1.7241379310344844,15.64625850340136,6.097560975609762
600023.SH,浙能电力,20260519,6.7,0.0,,,25.254582484725052,8.943089430894306
600026.SH,中远海能,20251030,13.53,-0.2956393200295576,-0.2956393200295576,12.121212121212126,27.064676616915413,8.762057877813504
600028.SH,中国石化,20260302,7.11,9.985935302390999,9.985935302390999,9.985935302390999,24.763705103969748,10.061919504643967
600029.SH,南方航空,20251015,6.3,7.3015873015873005,15.714285714285717,29.36507936507937,11.032028469750891,5.175292153589309
600032.SH,浙江新能,20260317,9.26,40.60475161987041,40.60475161987041,,27.097661623108678,7.300115874855144
600039.SH,四川路桥,20251212,10.25,-1.2682926829268368,2.0487804878048865,3.219512195121952,25.404732254047335,6.217616580310877
600057.SH,厦门象屿,20251104,8.85,0.7909604519774044,0.7909604519774044,2.9378531073446306,25.85949177877428,5.106888361045128
600060.SH,海信视像,20251110,25.48,3.8461538461538476,3.8461538461538476,3.8461538461538476,21.27045235803656,5.507246376811603
600064.SH,南京高科,20251031,9.22,-2.060737527114981,-2.060737527114981,-2.060737527114981,18.317503392130266,7.084785133565635
600066.SH,宇通客车,20251030,32.2,1.242236024844716,1.242236024844716,7.049689440993776,31.751976695796913,5.539167486070145
600072.SH,中船科技,20260421,14.0,-1.142857142857144,-0.7142857142857117,,18.6678352322524,6.060606060606066
600096.SH,云天化,20251009,28.56,1.9257703081232518,13.655462184873956,25.595238095238095,28.545119705340717,6.567164179104471
600098.SH,广州发展,20260326,8.36,-4.4258373205741535,-4.4258373205741535,,23.08868501529053,6.361323155216274
600100.SH,同方股份,20251030,8.62,3.5962877030162472,6.032482598607905,14.617169373549904,21.22093023255814,9.948979591836727
600111.SH,北方稀土,20260225,60.43,3.2599702134701287,3.2599702134701287,3.2599702134701287,30.907029478458035,9.99271933017838
600115.SH,中国东航,20251015,4.39,12.528473804100246,20.50113895216402,40.7744874715262,14.363143631436309,5.783132530120465
600120.SH,浙江东方,20251030,7.12,3.3707865168539355,3.3707865168539355,4.073033707865169,21.288014311270132,6.268656716417908
600126.SH,杭钢股份,20260416,10.17,3.048180924287124,3.048180924287124,,29.258777633289974,6.715634837355725
600131.SH,国网信通,20251009,18.65,-0.6434316353887263,1.983914209115287,1.983914209115287,8.45481049562684,5.605889014722528
600133.SH,东湖高新,20251009,10.18,6.679764243614929,6.679764243614929,6.679764243614929,12.41299303944316,10.05405405405405
600150.SH,中国船舶,20260428,41.32,1.089060987415302,1.089060987415302,,27.59750901343821,7.576152043738619
600157.SH,永泰能源,20250923,1.72,1.1627906976744196,1.1627906976744196,4.069767441860469,30.53435114503816,6.1728395061728305
600158.SH,中体产业,20260224,10.37,5.014464802314382,7.521697203471564,40.597878495660574,19.668246445497633,6.14124872057318
600163.SH,中闽能源,20251215,6.58,-8.51063829787235,-8.51063829787235,6.079027355623105,25.736738703339896,5.958132045088568
600166.SH,福田汽车,20260122,3.28,-1.829268292682915,0.0,14.024390243902452,17.803030303030294,5.466237942122184
600185.SH,珠免集团,20251105,6.91,11.143270622286535,11.143270622286535,11.143270622286535,21.985815602836883,5.6574923547400635
600186.SH,莲花控股,20260211,6.63,-1.5082956259426794,7.239819004524893,74.35897435897438,24.053030303030294,9.9502487562189
600188.SH,兖矿能源,20260212,17.51,17.075956596230714,26.61336379211879,32.32438606510566,29.875195007800297,5.165165165165184
600198.SH,大唐电信,20251231,9.65,25.69948186528498,25.69948186528498,25.69948186528498,23.316062176165804,5.349344978165941
600206.SH,有研新材,20260225,24.96,4.046474358974351,4.046474358974351,31.690705128205117,26.763485477178424,10.004407227853678
600216.SH,浙江医药,20260225,16.57,10.923355461677723,10.923355461677723,10.923355461677723,20.57522123893806,5.340114431023521
600219.SH,南山铝业,20251029,4.57,16.630196936542664,17.06783369803062,48.35886214442013,19.125683060109296,10.120481927710841
600233.SH,圆通速递,20260313,20.7,0.48309178743962045,0.48309178743962045,8.115942028985506,24.14223331253897,5.0228310502283025
600236.SH,桂冠电力,20251230,7.59,7.509881422924905,9.486166007905148,53.096179183135696,21.70418006430869,6.005586592178767
600256.SH,广汇能源,20260126,5.54,3.4296028880866496,28.51985559566787,37.725631768953065,12.195121951219505,5.725190839694653
600258.SH,首旅酒店,20251110,16.15,-0.4334365325077417,-0.4334365325077417,11.207430340557291,14.055636896046853,10.013623978201627
600266.SH,城建发展,20260105,5.58,28.136200716845885,28.136200716845885,28.136200716845885,24.324324324324305,10.059171597633132
600267.SH,海正药业,20260415,11.39,2.282704126426688,3.6874451273046525,,19.578947368421044,10.04830917874397
600269.SH,赣粤高速,20251028,5.45,2.0183486238532002,2.0183486238532002,2.0183486238532002,11.642411642411654,5.212355212355221
600271.SH,航天信息,20251215,9.68,10.22727272727273,41.11570247933885,41.11570247933885,17.936117936117924,9.999999999999988
600273.SH,嘉化能源,20260106,9.59,13.764337851929096,26.79874869655892,26.79874869655892,12.807881773399027,9.977064220183477
600282.SH,南钢股份,20260112,5.84,-0.5136986301369906,1.3698630136986314,2.3972602739726128,29.22374429223745,5.797101449275368
600292.SH,电投水电,20251105,14.77,14.150304671631686,14.150304671631686,14.150304671631686,20.16806722689076,7.184325108853412
600298.SH,安琪酵母,20251219,44.59,2.2650818569185867,2.2650818569185867,2.2650818569185867,23.10163551401868,5.8139534883721
600307.SH,酒钢宏兴,20260313,2.22,9.009009009008997,9.009009009008997,9.009009009008997,30.188679245283,9.90099009900991
600309.SH,万华化学,20251217,74.22,3.8399353274050045,11.762328213419568,27.081649151172183,31.784841075794606,5.922648779791646
600312.SH,平高电气,20251029,18.22,6.750823271130628,6.750823271130628,29.034028540065876,23.280055594162597,5.930232558139532
600320.SH,振华重工,20251205,5.01,-0.5988023952095681,2.794411177644722,11.576846307385232,20.53140096618359,6.14406779661017
600328.SH,中盐化工,20260311,9.94,5.432595573440654,5.432595573440654,5.432595573440654,28.968253968253975,9.955752212389385
600339.SH,中油工程,20260128,3.91,9.974424552429658,34.015345268542205,34.015345268542205,16.3076923076923,5.6756756756756745
600346.SH,恒力石化,20251106,18.52,10.097192224622036,10.097192224622036,44.38444924406047,29.416005767844272,6.010303377218093
600348.SH,华阳股份,20251020,8.22,-1.3381995133820097,8.515815085158142,8.515815085158142,20.52067381316998,6.4766839378238465
600352.SH,浙江龙盛,20260121,12.9,19.92248062015504,29.53488372093023,29.689922480620158,20.18255578093307,8.860759493670892
600363.SH,联创光电,20251013,69.39,-3.6172359129557643,-3.6172359129557643,1.0952586828073283,26.587301587301575,10.003170577045026
600372.SH,中航机载,20260108,15.41,7.39779364049319,7.39779364049319,7.39779364049319,19.79695431472081,9.992862241256248
600373.SH,中文传媒,20251103,10.99,7.006369426751588,7.006369426751588,7.006369426751588,9.218436873747494,5.876685934489396
600388.SH,XD龙净环,20250926,14.35,10.731707317073177,17.421602787456457,19.860627177700348,24.77876106194689,6.850335070737155
600389.SH,江山股份,20260227,30.28,5.350066050198142,5.350066050198142,5.350066050198142,33.70839193624005,6.171107994389907
600391.SH,航发科技,20251222,33.0,17.757575757575754,46.99999999999999,70.36363636363636,30.912698412698425,5.229591836734696
600395.SH,盘江股份,20260204,5.97,-1.675041876046895,4.1876046901172534,6.03015075376885,24.51193058568329,6.797853309481215
600396.SH,华电辽能,20260310,3.88,95.36082474226805,131.70103092783506,466.2371134020619,28.421052631578945,6.887052341597796
600399.SH,抚顺特钢,20260106,6.19,16.63974151857834,16.63974151857834,26.65589660743133,16.959064327485383,5.993150684931516
600406.SH,国电南瑞,20251029,24.93,1.684717208182919,1.684717208182919,5.294825511432011,12.206572769953041,5.994897959183674
600409.SH,三友化工,20251113,6.61,2.571860816944023,2.571860816944023,24.054462934947033,30.977130977130983,9.983361064891856
600428.SH,中远海特,20260303,9.3,-8.709677419354843,-1.5053763440860275,3.2258064516128915,29.709035222052073,9.799291617473434
600456.SH,宝钛股份,20251218,34.81,13.329503016374606,18.644067796610152,27.40591783970123,11.16217990807616,7.871087697551903
600459.SH,贵研铂业,20251114,18.71,-2.7258150721539365,-2.7258150721539365,42.16996258685195,26.5625,7.528735632183922
600460.SH,士兰微,20260128,34.0,-1.3235294117647143,-1.3235294117647143,-1.3235294117647143,28.55491329479769,6.183635227982501
600482.SH,中国动力,20260122,27.18,2.1707137601177333,25.6438557763061,55.48197203826343,30.303030303030315,7.303592577970791
600486.SH,扬农化工,20260306,85.54,-0.29226093055880287,-0.29226093055880287,-0.29226093055880287,32.2722820763957,6.925000000000008
600497.SH,驰宏锌锗,20251009,6.82,4.398826979472139,4.398826979472139,8.944281524926676,27.075098814229253,6.065318818040445
600509.SH,天富能源,20260514,10.33,-2.904162633107461,-2.904162633107461,,30.263157894736853,10.010649627263039
600515.SH,海南机场,20251017,4.5,9.555555555555548,24.88888888888889,24.88888888888889,29.393939393939387,6.132075471698108
600516.SH,方大炭素,20251028,5.68,18.30985915492958,21.830985915492963,21.830985915492963,23.71364653243849,10.077519379844952
600517.SH,国网英大,20251029,6.3,11.74603174603175,11.74603174603175,11.74603174603175,26.931106471816285,9.94764397905758
600528.SH,中铁工业,20260331,9.17,-5.561613958560521,-5.561613958560521,,17.69436997319034,9.952038369304557
600545.SH,卓郎智能,20260212,3.28,26.524390243902456,41.15853658536586,101.52439024390245,33.0612244897959,10.067114093959725
600546.SH,山煤国际,20251014,10.68,8.146067415730347,9.363295880149813,10.112359550561798,21.845794392523356,5.118110236220468
600550.SH,保变电气,20251105,9.91,25.126135216952576,25.126135216952576,63.97578203834511,28.157894736842117,9.98890122086571
600552.SH,凯盛科技,20260108,13.58,12.665684830633289,15.243004418262151,15.243004418262151,26.04651162790698,7.777777777777782
600556.SH,天下秀,20250925,5.6,5.71428571428572,10.89285714285715,31.25,28.67132867132866,10.019646365422393
600563.SH,法拉电子,20260325,136.77,4.32112305330116,4.32112305330116,,31.3522138013562,7.540493788331501
600578.SH,京能电力,20251223,5.13,5.263157894736851,10.136452241715409,14.814814814814811,23.52941176470588,8.227848101265815
600583.SH,海油工程,20260211,7.17,21.617852161785226,21.617852161785226,21.617852161785226,30.916030534351147,9.969325153374239
600585.SH,海螺水泥,20260225,26.38,-1.1751326762698966,-1.1751326762698966,-1.1751326762698966,16.117216117216117,5.858747993579443
600602.SH,云赛智联,20260310,23.39,-2.736212056434376,7.097050021376656,7.097050021376656,33.488102147417294,5.076370170709789
600633.SH,浙数文化,20260113,16.17,7.544836116264681,7.544836116264681,7.544836116264681,30.20242914979756,5.479452054794532
600637.SH,东方明珠,20250924,9.76,5.635245901639352,5.635245901639352,9.32377049180328,33.85714285714285,10.033821871476896
600641.SH,先导基电,20250922,17.9,29.88826815642459,29.88826815642459,29.88826815642459,28.33333333333335,5.667060212514741
600645.SH,中源协和,20260306,30.9,3.8511326860841586,6.6019417475728135,6.6019417475728135,22.259983007646568,10.003559985760052
600649.SH,城投控股,20260121,5.45,2.935779816513764,3.4862385321100824,3.4862385321100824,19.906323185011722,6.445312500000002
600662.SH,外服控股,20260115,6.88,-9.302325581395344,-9.302325581395344,-9.302325581395344,24.501992031872522,10.079999999999998
600667.SH,太极实业,20250924,7.8,14.74358974358974,15.897435897435889,27.307692307692307,25.882352941176475,6.703146374829004
600685.SH,中船防务,20251124,33.04,-0.2118644067796619,-0.2118644067796619,13.377723970944317,24.188311688311693,9.986684420772304
600688.SH,上海石化,20260302,3.49,10.02865329512893,10.02865329512893,10.02865329512893,25.09505703422054,10.094637223974773
600703.SH,三安光电,20260123,16.54,1.8742442563482606,1.8742442563482606,13.301088270858521,29.919999999999984,5.754475703324799
600707.SH,彩虹股份,20260106,7.05,-1.2765957446808491,0.7092198581560258,0.7092198581560258,21.45454545454545,9.984399375975034
600718.SH,东软集团,20250924,11.54,0.2599653379549492,0.2599653379549492,0.2599653379549492,23.497267759562845,6.950880444856349
600726.SH,华电能源,20260310,3.21,74.14330218068535,110.90342679127725,223.6760124610592,22.175732217573213,9.931506849315069
600740.SH,山西焦化,20251023,4.59,-2.8322440087145946,0.0,0.0,24.712643678160916,10.071942446043163
600754.SH,锦江酒店,20251110,25.21,4.284014280047593,5.870686235620787,9.480364934549785,14.554637281909999,9.991273996509594
600755.SH,厦门国贸,20251028,6.81,-1.3215859030836985,1.9089574155653568,28.04698972099855,7.107438016528936,5.255023183925809
600761.SH,安徽合力,20260126,23.0,2.6086956521739193,2.6086956521739193,2.6086956521739193,27.334083239595046,6.481481481481474
600765.SH,中航重机,20251218,17.89,7.210732252655109,16.936836221352717,20.849636668529907,12.63560944479897,6.67859272510436
600783.SH,鲁信创投,20250929,14.0,10.785714285714285,10.785714285714285,65.78571428571429,18.173758865248235,9.976433621366846
600803.SH,新奥股份,20260303,24.05,-4.365904365904369,-1.7463617463617533,-1.7463617463617533,26.362625139043374,10.018298261665148
600821.SH,金开新能,20260224,6.72,43.75000000000001,65.32738095238095,67.41071428571429,27.64705882352942,8.387096774193541
600848.SH,上海临港,20250924,10.66,16.88555347091933,16.88555347091933,26.172607879924946,15.86206896551725,10.010319917440667
600850.SH,电科数字,20260108,31.54,12.175015852885236,12.175015852885236,12.175015852885236,26.99713232281852,6.518068220195879
600859.SH,王府井,20251110,15.43,0.4536616979909286,0.4536616979909286,6.416072585871692,12.406015037593972,5.468215994531776
600863.SH,华能蒙电,20260525,5.93,33.55817875210793,,,25.959367945823935,10.018552875695734
600867.SH,通化东宝,20260330,9.54,4.7169811320754835,9.958071278826008,,14.30332922318126,7.191011235955043
600871.SH,石化油服,20251021,2.3,10.0,14.347826086956525,14.347826086956525,18.78453038674032,10.047846889952151
600872.SH,中炬高新,20260420,21.47,1.210992081974856,1.210992081974856,,17.27810650887575,9.989754098360653
600873.SH,梅花生物,20260306,11.85,8.27004219409283,8.27004219409283,8.27004219409283,16.281407035175892,5.992844364937388
600877.SH,电科芯片,20251127,15.83,-1.6424510423246985,3.03221730890713,58.24384080859129,32.54637436762227,10.006949270326611
600884.SH,杉杉股份,20260427,15.94,10.978670012547063,10.978670012547063,,31.530782029950092,5.423280423280426
600888.SH,新疆众和,20251009,8.5,-0.11764705882352691,1.17647058823529,4.235294117647053,20.392749244712984,6.649937264742789
600893.SH,航发动力,20260127,50.59,-0.43486855109706657,21.26902549911049,22.731765170982406,34.129599121361885,10.002174385736032
600903.SH,贵州燃气,20260303,7.7,-7.1428571428571415,-7.1428571428571415,35.32467532467532,13.918305597579423,10.000000000000002
600909.SH,华安证券,20251029,6.89,-2.6124818577648723,-1.0159651669085545,10.304789550072568,23.24723247232472,8.163265306122442
600916.SH,中国黄金,20260123,9.22,59.219088937093254,59.219088937093254,59.219088937093254,10.749999999999993,10.023866348448685
600929.SH,雪天盐业,20260413,7.03,2.9871977240398286,2.9871977240398286,,19.38958707360862,5.714285714285713
600930.SH,华电新能,20260317,6.8,9.117647058823533,9.117647058823533,,15.110356536502556,6.750392464678175
600956.SH,新天绿能,20260303,8.7,23.218390804597718,23.218390804597718,23.218390804597718,17.517241379310338,9.709962168978556
600959.SH,江苏有线,20260123,4.07,9.090909090909092,14.00491400491399,14.00491400491399,15.963855421686754,10.000000000000002
600968.SH,海油发展,20260129,4.89,-7.97546012269938,15.132924335378329,15.132924335378329,19.94609164420486,9.88764044943819
600973.SH,宝胜股份,20251105,5.88,1.1904761904761954,1.1904761904761954,54.76190476190476,23.191489361702125,6.137184115523463
600989.SH,宝丰能源,20260114,20.74,14.850530376084869,14.898746383799422,67.3095467695275,33.46328784925275,6.962351727694677
600995.SH,南网储能,20250923,12.67,3.3149171270718223,3.472770323599049,13.180741910023677,33.56009070294784,8.383233532934135
600996.SH,贵广网络,20250922,9.89,10.01011122345804,10.01011122345804,27.401415571284115,20.074812967581064,10.011123470522806
600998.SH,九州通,20260123,5.58,0.35842293906809275,0.35842293906809275,0.35842293906809275,12.989690721649502,5.084745762711874
601012.SH,隆基绿能,20251014,19.28,5.031120331950201,18.257261410788377,18.257261410788377,32.584269662921336,6.343077771649212
601016.SH,节能风电,20260310,3.66,34.15300546448087,47.54098360655738,53.82513661202185,16.94915254237288,6.086956521739129
601022.SH,宁波远洋,20260303,11.24,-8.807829181494665,-8.807829181494665,-8.807829181494665,22.90748898678414,9.980430528375729
601061.SH,中信金属,20251009,10.35,11.594202898550735,45.31400966183575,65.70048309178743,32.602739726027394,8.150470219435729
601083.SH,锦江航运,20260303,13.73,-8.52148579752367,-8.52148579752367,-3.8601602330662863,15.329125338142466,10.01602564102564
601088.SH,中国神华,20260302,44.73,10.127431254191821,10.77576570534317,10.77576570534317,17.400587136375776,5.844770468528156
601096.SH,宏盛华源,20260116,4.83,13.871635610766045,28.157349896480337,46.16977225672877,15.89242053789732,10.022779043280192
601101.SH,昊华能源,20260423,9.36,25.96153846153846,25.96153846153846,,26.256983240223448,9.988249118683898
601106.SH,中国一重,20251009,3.14,5.095541401273875,8.917197452229294,34.0764331210191,20.930232558139537,6.440677966101694
601111.SH,中国国航,20251015,8.27,5.078597339782346,6.287787182587662,13.301088270858521,14.851485148514836,6.985769728331166
601117.SH,中国化学,20260120,8.79,2.7303754266211633,2.7303754266211633,15.358361774744045,13.48773841961853,10.01251564455568
601118.SH,海南橡胶,20251103,5.96,5.201342281879188,5.201342281879188,19.630872483221477,23.684210526315795,5.6737588652482325
601126.SH,四方股份,20250930,20.19,35.562159484893506,54.48241703813769,63.6948984645864,21.719745222929937,5.65149136577709
601127.SH,赛力斯,20250926,157.22,9.127337488869097,9.127337488869097,9.127337488869097,22.044334975369466,5.765220316178939
601133.SH,柏诚股份,20251222,16.23,9.981515711645107,16.327788046826853,19.223659889094275,28.701406120760964,6.009144350097975
601139.SH,深圳燃气,20260303,7.87,-0.5082592121982216,0.12706480304955256,0.12706480304955256,10.000000000000005,10.069930069930066
601155.SH,新城控股,20260129,17.85,1.2885154061624473,1.2885154061624473,1.2885154061624473,19.22796795338675,9.981515711645107
601163.SH,三角轮胎,20260119,16.36,-3.36185819070904,-3.36185819070904,-3.36185819070904,13.274981765134926,5.344494526722474
601179.SH,中国西电,20251027,7.68,38.41145833333335,38.41145833333335,108.85416666666667,25.125628140703522,8.016877637130793
601198.SH,东兴证券,20251027,12.74,5.023547880690742,13.343799058084766,13.343799058084766,24.77611940298506,6.610878661087874
601211.SH,国泰海通,20260106,22.29,-0.3140421713773005,-0.3140421713773005,-0.3140421713773005,16.532040926225093,6.497849976110843
601222.SH,林洋能源,20260519,6.84,-3.0701754385964906,,,23.76599634369287,9.96784565916399
601225.SH,陕西煤业,20260312,26.7,1.9850187265917647,1.9850187265917647,4.119850187265923,27.10000000000001,5.035405192761595
601226.SH,华电科工,20260109,8.93,8.062709966405382,42.553191489361716,42.553191489361716,32.65625,6.818181818181822
601228.SH,广州港,20260112,3.56,5.337078651685392,5.337078651685392,5.337078651685392,8.668730650154794,8.206686930091186
601238.SH,广汽集团,20251124,8.36,10.645933014354075,10.645933014354075,10.645933014354075,9.716599190283409,9.999999999999998
601311.SH,骆驼股份,20260422,10.87,-1.6559337626494914,-1.6559337626494914,,21.920903954802252,6.04878048780487
601318.SH,中国平安,20251205,61.99,10.904984674947569,19.890304887885126,19.890304887885126,14.66165413533834,5.875320239111879
601319.SH,中国人保,20260105,9.43,5.302226935312832,5.302226935312832,5.302226935312832,20.676202860858243,5.363128491620117
601326.SH,秦港股份,20251023,3.91,1.0230179028133002,1.0230179028133002,1.0230179028133002,12.61829652996845,10.140845070422545
601330.SH,绿色动力,20260312,9.21,21.38979370249727,21.38979370249727,21.38979370249727,24.739195230998497,10.035842293906832
601333.SH,广深铁路,20260430,3.22,-1.2422360248447215,-1.2422360248447215,,9.246575342465754,5.228758169934645
601336.SH,新华保险,20260105,75.88,10.002635740643125,12.032156035846086,12.032156035846086,23.656462585034006,8.866571018651353
601360.SH,三六零,20251031,11.97,9.607351712614857,17.20969089390141,17.20969089390141,21.94616977225672,10.018382352941174
601377.SH,兴业证券,20251205,7.2,6.944444444444445,7.916666666666658,7.916666666666658,20.67796610169491,5.571847507331377
601390.SH,中国中铁,20260224,6.05,4.132231404958678,4.132231404958678,4.132231404958678,11.299435028248599,9.999999999999996
601567.SH,三星电气,20260309,32.35,1.5765069551777373,1.5765069551777373,1.5765069551777373,31.29464285714287,9.996599795987764
601595.SH,上海电影,20260210,35.78,-9.139183901621026,-9.139183901621026,-9.139183901621026,26.190476190476197,9.990777743621273
601600.SH,中国铝业,20251009,8.68,4.1474654377880125,25.115207373271886,50.0,28.749999999999996,5.3398058252427125
601601.SH,中国太保,20260105,45.06,6.280514869063467,6.280514869063467,6.280514869063467,24.314868804664734,7.516105941302806
601608.SH,中信重工,20251009,5.69,33.39191564147626,37.25834797891036,37.25834797891036,34.93975903614456,5.762081784386627
601611.SH,中国核建,20251010,10.71,24.08963585434172,37.815126050420155,37.815126050420155,16.079812206572782,9.958932238193025
601618.SH,中国中冶,20250930,3.85,7.532467532467521,7.532467532467521,7.532467532467521,21.527777777777782,10.000000000000002
601628.SH,中国人寿,20260105,48.27,5.7178371659415745,5.7178371659415745,5.7178371659415745,23.950356482703988,6.087912087912095
601636.SH,旗滨集团,20260204,7.5,0.4000000000000033,0.5333333333333339,0.5333333333333339,29.144851657940663,5.485232067510544
601666.SH,平煤股份,20251020,9.11,-0.8781558726673994,-0.8781558726673994,-0.8781558726673994,24.27983539094651,9.101796407185626
601669.SH,中国电建,20260311,6.38,12.69592476489029,12.69592476489029,12.69592476489029,21.124031007751935,5.804311774461022
601677.SH,明泰铝业,20260120,16.63,9.20024052916417,9.20024052916417,11.004209260372832,27.669902912621357,9.986772486772486
601678.SH,滨化股份,20251107,4.66,3.0042918454935554,3.0042918454935554,22.532188841201712,14.039408866995082,6.636155606407323
601688.SH,华泰证券,20251217,23.68,0.8868243243243279,7.939189189189184,7.939189189189184,30.410342889263635,6.093189964157704
601698.SH,中国卫通,20251222,25.92,69.25154320987652,107.87037037037037,107.87037037037037,29.743589743589748,5.58044806517312
601699.SH,潞安环能,20260428,15.83,3.411244472520537,3.411244472520537,,34.06779661016949,5.886287625418066
601777.SH,千里科技,20260513,12.15,3.2098765432098664,3.2098765432098664,,31.99129488574539,8.870967741935486
601799.SH,星宇股份,20260129,142.1,8.374384236453206,8.479943701618586,8.479943701618586,18.299761010583815,7.921318447634243
601808.SH,中海油服,20260113,15.29,6.9980379332897344,12.557226945716165,35.25179856115109,11.069836552748873,6.033287101248261
601858.SH,中国科传,20260114,24.09,-0.6641760066417607,-0.6641760066417607,4.7322540473225425,26.3849229011993,8.856755535472214
601866.SH,中远海发,20260225,2.89,12.456747404844286,12.456747404844286,12.456747404844286,13.877551020408157,5.860805860805867
601868.SH,中国能建,20260306,2.89,31.48788927335639,31.48788927335639,31.48788927335639,13.362068965517246,9.88593155893537
601877.SH,正泰电器,20260309,39.05,5.403329065300895,5.403329065300895,5.403329065300895,31.335553089160186,9.999999999999993
601888.SH,中国中免,20251110,86.89,4.1892047416273455,4.1892047416273455,10.588099896420765,32.28939876067659,10.001265983035836
601898.SH,中煤能源,20251016,13.29,3.987960872836728,13.920240782543278,13.920240782543278,25.000000000000018,7.350565428109841
601900.SH,南方传媒,20260114,16.53,-2.4803387779794317,-2.4803387779794317,-2.4803387779794317,21.31537242472267,7.9686479425212315
601908.SH,京运通,20260326,5.03,-0.3976143141153173,-0.3976143141153173,,25.549450549450555,10.065645514223194
601919.SH,中远海控,20260303,16.97,-4.89098408956982,-4.537418974661164,-4.537418974661164,12.650176678445224,9.909326424870462
601952.SH,苏垦农发,20260330,10.82,-5.360443622920518,-5.175600739371538,,19.29046563192905,6.1825318940137475
601975.SH,招商南油,20260224,3.89,34.190231362467856,34.190231362467856,49.100257069408734,32.646048109965626,9.887005649717516
601991.SH,大唐发电,20260312,4.58,3.493449781659392,3.493449781659392,100.43668122270742,23.44213649851632,10.096153846153843
601992.SH,金隅集团,20260114,2.34,-8.974358974358973,-7.69230769230768,-7.69230769230768,33.124999999999986,9.859154929577464
601997.SH,贵阳银行,20260423,6.28,-2.2292993630573337,-2.2292993630573337,,12.681159420289859,6.984667802385011
603000.SH,人民网,20260112,23.16,33.1174438687392,33.1174438687392,33.1174438687392,21.28927410617551,10.023752969121137
603005.SH,晶方科技,20260224,34.1,3.2844574780058573,3.2844574780058573,26.24633431085043,27.850038255547062,7.911392405063291
603063.SH,禾望电气,20260415,38.03,11.359453063371024,62.66105706021561,,23.964601769911514,10.008678044547297
603077.SH,和邦生物,20250930,2.08,10.096153846153843,10.096153846153843,17.307692307692303,22.485207100591712,6.666666666666672
603093.SH,南华期货,20260513,23.54,9.983007646559054,9.983007646559054,,33.15942028985507,10.000000000000004
603100.SH,川仪股份,20251114,25.25,6.138613861386141,6.138613861386141,6.53465346534653,24.626121635094727,8.183376178234791
603118.SH,共进股份,20260417,15.18,-0.13175230566534632,16.600790513833992,,32.68876611418049,9.999999999999993
603156.SH,养元饮品,20250929,30.3,13.5973597359736,13.5973597359736,13.5973597359736,34.512428298279154,7.675906183368871
603160.SH,汇顶科技,20251103,87.06,-1.0567424764530229,-1.0567424764530229,-1.0567424764530229,28.945801072066708,5.963972736124642
603162.SH,海通发展,20251017,11.22,9.62566844919786,10.695187165775394,22.10338680926915,30.434782608695638,10.000000000000014
603169.SH,兰石重装,20251104,10.54,11.195445920303621,11.195445920303621,27.419354838709687,30.340136054421773,10.02087682672233
603195.SH,公牛集团,20260430,44.85,-0.11148272017838184,-0.11148272017838184,,8.939505265735976,8.490566037735842
603202.SH,天有为,20260413,101.88,-2.277188849627006,-2.277188849627006,,7.191210742425929,6.224585548952142
603218.SH,日月股份,20250926,14.4,4.30555555555555,4.30555555555555,4.30555555555555,21.225577264653648,8.433734939759043
603220.SH,中贝通信,20250924,26.51,-1.2825348924933981,-1.2825348924933981,-1.2825348924933981,30.598121601581813,6.295108259823577
603259.SH,药明康德,20260428,110.57,0.6421271592656308,0.6421271592656308,,21.924218215019394,9.99801034619976
603260.SH,合盛硅业,20251110,58.51,11.946675781917625,11.946675781917625,11.946675781917625,24.4080548793981,6.672743846855053
603290.SH,斯达半导,20260513,124.44,12.150433944069434,14.914818386370943,,23.792621275680332,9.997348183505704
603296.SH,华勤技术,20260506,109.8,8.014571948998176,13.479052823315115,,34.905778110570324,5.974326802432196
603317.SH,天味食品,20260205,14.51,-1.309441764300479,-1.309441764300479,19.09028256374915,20.551601423487547,7.322485207100593
603328.SH,依顿电子,20260225,13.21,0.9084027252081697,0.9084027252081697,7.570022710068129,20.662768031189096,6.704361873990307
603338.SH,浙江鼎力,20251203,59.34,5.746545331985164,5.746545331985164,5.746545331985164,32.37714554432164,7.344428364688861
603341.SH,龙旗科技,20251009,51.31,-5.866302864938619,-5.866302864938619,-5.866302864938619,28.23938017632915,6.895833333333338
603345.SH,安井食品,20260119,89.38,1.9243678675318854,4.687849630789883,9.812038487357363,25.96305312902763,5.587714116952144
603379.SH,三美股份,20260224,71.19,7.767944936086531,7.767944936086531,7.767944936086531,33.69230769230768,5.451044289734843
603393.SH,新天然气,20260302,37.48,14.220917822838864,14.220917822838864,14.220917822838864,28.95533686601059,10.00880540064572
603505.SH,金石资源,20260227,22.29,2.243158366980709,2.243158366980709,2.243158366980709,30.26634382566586,7.009121459433514
603533.SH,掌阅科技,20251124,23.37,0.5562687205819383,0.5562687205819383,60.97560975609755,25.302530253025314,6.858710562414267
603538.SH,美诺华,20260313,25.37,54.43437130469058,95.46708711076076,170.00394166338194,29.261954261954276,10.017346053772776
603556.SH,海兴电力,20251029,35.11,10.652235830247799,10.652235830247799,18.59868983195671,28.657799274486106,9.99373433583959
603596.SH,伯特利,20260106,56.75,0.42290748898678765,3.136563876651984,3.136563876651984,25.819104753114896,9.029779058597507
603599.SH,广信股份,20260128,14.09,16.323633782824704,16.323633782824704,16.323633782824704,18.14914645103324,9.649805447470818
603606.SH,东方电缆,20250926,66.02,9.800060587700695,9.800060587700695,9.800060587700695,32.54287529112853,5.463258785942483
603629.SH,利通电子,20251103,29.45,3.3616298811545064,3.3616298811545064,17.657045840407466,27.78042959427208,10.011206574523719
603650.SH,彤程新材,20250924,41.55,15.354993983152834,15.354993983152834,18.65222623345367,31.496881496881507,10.007942811755346
603659.SH,璞泰来,20260313,32.41,5.831533477321817,6.8497377352669115,16.075285405738974,23.419203747072597,10.013577732518653
603678.SH,火炬电子,20260112,42.3,-0.4255319148936164,2.269503546099293,2.8368794326241202,34.06846609611586,7.333164171530071
603688.SH,石英股份,20260212,47.47,12.892353065093754,14.493364230040031,60.50136928586476,23.663253697383393,10.011587485515644
603690.SH,至纯科技,20251010,33.41,21.011673151750983,21.011673151750983,21.011673151750983,31.565656565656564,6.877799104286613
603693.SH,江苏新能,20260312,15.42,20.68741893644617,20.68741893644617,22.827496757457855,19.624573378839578,9.985734664764625
603698.SH,航天工程,20251205,21.52,28.71747211895911,96.2825278810409,124.90706319702602,32.369230769230775,5.9576563269325495
603699.SH,纽威股份,20260430,62.74,5.690149824673255,5.690149824673255,,33.11173064550717,5.039343713376871
603737.SH,三棵树,20260121,51.5,12.388349514563112,12.388349514563112,12.388349514563112,33.01173402868317,6.448945845390652
603738.SH,泰晶科技,20251208,17.18,-1.2805587892898653,-1.2805587892898653,39.464493597206065,18.280346820809257,9.987195902688864
603806.SH,福斯特,20260123,17.31,15.54015020219527,15.54015020219527,15.54015020219527,26.271829916476836,9.974587039390078
603882.SH,金域医学,20260109,33.66,10.01188354129532,10.01188354129532,10.01188354129532,21.613727637824027,9.999999999999984
603885.SH,吉祥航空,20251231,14.88,2.5537634408602083,5.577956989247312,5.577956989247312,20.850367947669653,7.204610951008646
603888.SH,新华网,20260113,26.91,9.996283909327392,9.996283909327392,9.996283909327392,31.871657754010702,10.016353229762876
603897.SH,长城科技,20260302,33.7,3.4718100890207557,3.4718100890207557,71.39465875370918,29.775518847945794,9.9869451697128
603938.SH,三孚股份,20251017,19.35,10.02583979328164,22.945736434108515,37.260981912144686,34.996162701458175,10.005685048322919
603985.SH,恒润股份,20260309,18.61,6.17947340139711,10.746910263299302,56.36754433100485,30.4630969609262,6.403659233847919
605020.SH,永和股份,20260514,31.75,8.409448818897642,12.125984251968507,,30.76593923833974,9.482758620689655
605111.SH,新洁能,20251013,37.99,7.475651487233473,7.475651487233473,7.475651487233473,27.291381668946652,6.384766171940635
605123.SH,派克新材,20251212,87.15,15.318416523235792,45.03729202524383,45.03729202524383,28.459119496855344,9.996213555471414
605222.SH,起帆电缆,20260114,21.43,6.4862342510499325,6.4862342510499325,32.524498366775546,29.078014184397162,10.010266940451741
605358.SH,立昂微,20250923,30.04,20.97203728362185,20.97203728362185,24.201065246338228,33.0896686159844,9.996338337605275
605488.SH,福莱新材,20260119,43.02,10.18131101813109,10.18131101813109,10.18131101813109,33.5978835978836,9.997443109179248
605589.SH,圣泉集团,20260302,35.79,-3.073484213467453,-3.073484213467453,35.95976529756915,34.04091084523348,6.422836752899186
688001.SH,华兴源创,20260311,35.81,-3.4347947500698237,17.006422786931015,130.52220050265285,31.571109456440823,10.832559579077685
688032.SH,禾迈股份,20260320,134.0,2.61940298507462,2.61940298507462,,29.847747938253335,9.989329393417059
688047.SH,龙芯中科,20250922,157.15,3.353483932548509,3.353483932548509,3.353483932548509,26.187473728457327,7.563312799452437
688063.SH,派能科技,20260312,80.48,3.740059642147106,3.740059642147106,3.740059642147106,34.639100471527016,10.291900781142942
688065.SH,凯赛生物,20260113,62.24,-3.9685089974293044,-3.9685089974293044,-3.9685089974293044,22.584195465551392,12.144144144144148
688090.SH,瑞松科技,20251229,48.7,2.7720739219712405,3.388090349075972,25.811088295687885,33.16614420062696,20.009857072449496
688099.SH,晶晨股份,20260429,101.85,14.118802160039284,20.078546882670597,,28.26029567053854,6.0606060606060534
688100.SH,威胜信息,20260120,46.16,-2.9246100519930556,-2.9246100519930556,-1.4298093587521592,26.334310850439874,7.149489322191268
688106.SH,金宏气体,20251009,21.38,1.6370439663236738,1.6370439663236738,2.619270346117878,19.685039370078737,8.198380566801605
688107.SH,安路科技,20260226,34.65,-3.4920634920634948,-3.4920634920634948,40.779220779220786,34.18225228810187,11.343187660668372
688111.SH,金山办公,20260112,379.99,-2.1579515250401298,-2.1579515250401298,-2.1579515250401298,27.17057139828262,11.270863836017572
688114.SH,华大智造,20260109,75.0,5.040000000000002,5.040000000000002,5.040000000000002,24.63259853039411,10.213078618662752
688126.SH,沪硅产业,20250923,23.78,20.94196804037006,20.94196804037006,20.94196804037006,32.72727272727272,11.538461538461542
688146.SH,中船特气,20260225,50.97,-3.31567588777712,-3.31567588777712,185.5601334118109,26.947801491385952,14.128974473802067
688150.SH,莱特光电,20251225,29.49,-1.3563919972872114,3.797897592404208,38.623262122753495,31.828866948754115,6.117308384310901
688153.SH,唯捷创芯,20260112,45.48,-8.377308707124001,-8.069481090589258,-8.069481090589258,26.02653190145293,13.984962406015033
688158.SH,优刻得-W,20251226,29.71,9.693705822955243,32.245035341635806,73.64523729384047,33.50253807106598,19.9919224555735
688187.SH,时代电气,20251009,56.85,1.9876868953386022,1.9876868953386022,1.9876868953386022,27.866861030126355,8.018240547216413
688209.SH,英集芯,20251016,23.98,-0.8757297748123472,-0.8757297748123472,1.1676396997497962,34.785167745732785,14.244878513577905
688213.SH,思特威-W,20250930,119.16,1.9637462235649576,1.9637462235649576,1.9637462235649576,32.420091324200925,6.108637577916295
688223.SH,晶科能源,20251103,6.11,4.418985270049093,4.418985270049093,12.929623567921439,24.795081967213115,5.163511187607585
688249.SH,晶合集成,20250924,25.66,54.71551052221357,54.71551052221357,54.71551052221357,34.36830835117774,7.319113341698034
688262.SH,国芯科技,20251030,33.27,-4.268109407874967,-4.268109407874967,11.87255785993386,30.23915687069315,6.668804103879454
688268.SH,华特气体,20250924,64.78,19.141710404445824,19.141710404445824,19.141710404445824,33.08478909245846,6.406044678055188
688281.SH,华秦科技,20260109,92.63,18.298607362625503,18.298607362625503,18.298607362625503,27.333660290992313,18.924123764282957
688297.SH,中无人机,20260302,59.7,7.721943048576213,7.721943048576213,7.721943048576213,34.10273817605793,19.71124924804493
688301.SH,奕瑞科技,20260302,130.43,-2.9594418462010377,-2.9594418462010377,57.76278463543664,28.05154639175257,7.509066930431928
688337.SH,普源精电,20251030,47.65,-6.79958027282267,-6.79958027282267,-6.79958027282267,25.007478312892612,14.15908001916626
688352.SH,颀中科技,20250929,14.63,1.0252904989746998,1.0252904989746998,1.0252904989746998,28.10707456978967,9.179104477611943
688381.SH,帝奥微,20260424,29.34,22.426721199727343,61.38377641445126,,34.11649534997552,7.080291970802925
688396.SH,华润微,20251009,58.65,-2.335890878090362,-2.335890878090362,-1.261722080136406,23.802094940940496,5.580558055805583
688432.SH,有研硅,20250924,13.9,0.5035971223021604,0.5035971223021604,5.1798561151079054,33.641025641025635,6.676899462778212
688486.SH,龙迅股份,20251118,79.86,-5.897821187077377,-4.595542198847986,5.1840721262208875,28.958969142082076,20.000000000000004
688508.SH,芯朋微,20260128,74.45,-1.1685695097380853,-1.1685695097380853,12.693082605775691,33.77434766629914,6.296402055968013
688518.SH,联赢激光,20260114,29.41,12.682760965657941,12.682760965657941,12.682760965657941,30.96446700507613,7.062249726974887
688549.SH,中巨芯-U,20260428,11.54,45.49393414211439,61.3518197573657,,30.486358244365363,11.713455953533389
688563.SH,航材股份,20260112,68.08,1.3513513513513538,8.122796709753233,12.07403055229142,19.673390970220947,9.347895920334084
688586.SH,江航装备,20260108,14.06,29.16073968705547,29.16073968705547,29.16073968705547,25.398313027179015,6.434519303557908
688596.SH,正帆科技,20260513,38.46,30.551222048881954,30.551222048881954,,33.85171790235081,6.952169076751947
688605.SH,先锋精科,20250930,74.22,9.027216383724069,9.027216383724069,9.027216383724069,30.804221251819502,8.097873579959224
688612.SH,威迈斯,20260522,36.14,5.561704482567786,,,27.859237536656895,9.052504526252262
688697.SH,纽威数控,20260507,20.81,20.326765977895246,20.326765977895246,,33.52272727272727,10.691489361702116
688700.SH,东威科技,20260226,45.76,3.0812937062937142,18.684440559440567,90.4283216783217,34.79052823315119,6.0486674391657
688777.SH,中控技术,20250924,53.38,11.839640314724615,11.839640314724615,11.839640314724615,22.75603468479025,7.729566094853695
