股票代码,股票名称,触发交易日,2-10日最高涨幅(%),2-10日最低跌幅(%),11-20日最高涨幅(%),11-20日最低跌幅(%),21-40日最高涨幅(%),21-40日最低跌幅(%),41-60日最高涨幅(%),41-60日最低跌幅(%),至今最高涨幅(%),至今最低跌幅(%)
000008.SZ,神州高铁,20251111,2.73,-8.48,-5.15,-10.3,-4.55,-13.64,-1.82,-11.82,2.73,-22.42
000012.SZ,南  玻Ａ,20260225,-2.9,-7.72,-4.63,-15.44,-12.36,-16.02,-11.2,-29.73,0.0,-29.73
000027.SZ,深圳能源,20251023,-2.66,-6.39,-4.79,-9.85,-11.05,-13.05,-6.13,-13.18,7.59,-13.18
000035.SZ,中国天楹,20250911,-3.45,-7.68,18.04,-4.22,15.74,9.6,18.81,5.18,59.31,-7.68
000037.SZ,深南电A,20250707,-1.7,-10.7,-8.62,-14.2,-10.8,-16.1,-15.81,-20.93,23.3,-21.78
000039.SZ,中集集团,20251114,4.59,-7.94,6.26,0.11,14.88,-1.01,27.63,5.48,53.13,-7.94
000061.SZ,农 产 品,20250828,10.08,-6.41,12.34,-1.9,8.3,-4.86,24.91,-1.07,25.27,-24.79
000065.SZ,北方国际,20260324,13.78,-3.31,5.41,-3.66,-2.6,-14.28,-11.95,-15.33,13.78,-15.33
000069.SZ,华侨城Ａ,20250922,-1.85,-6.67,-7.04,-10.74,8.52,-11.85,0.74,-8.89,8.52,-30.74
000090.SZ,天健集团,20251023,-6.08,-8.52,18.73,-7.3,0.73,-10.71,-7.79,-10.46,18.73,-22.63
000100.SZ,TCL科技,20260106,1.01,-5.88,3.45,-3.65,1.01,-7.51,-0.81,-16.02,3.45,-16.02
000155.SZ,川能动力,20251029,3.85,-3.28,15.16,-3.69,1.72,-7.21,15.74,-4.51,57.79,-7.21
000156.SZ,华数传媒,20260210,-7.73,-21.26,-17.09,-20.45,-18.92,-28.38,-21.87,-26.14,0.0,-29.5
000157.SZ,中联重科,20260203,6.63,-0.21,6.95,0.0,-0.32,-13.26,-6.31,-16.79,6.95,-22.89
000338.SZ,潍柴动力,20251106,1.61,-5.55,-3.66,-7.93,-0.28,-4.66,34.89,-2.5,96.01,-7.93
000400.SZ,许继电气,20260119,-1.79,-7.93,-2.35,-8.95,4.85,-13.06,-10.28,-20.8,4.85,-22.93
000402.SZ,金 融 街,20260506,-4.58,-15.19,-11.46,-17.77,,,,,0.0,-17.77
000410.SZ,沈阳机床,20251022,2.17,-1.66,12.64,1.66,-1.28,-9.2,-0.51,-9.45,12.64,-32.82
000411.SZ,英特集团,20251230,4.16,-3.48,7.18,-3.1,-5.59,-13.53,-11.79,-22.22,7.18,-22.22
000417.SZ,合百集团,20250813,-10.56,-12.88,-7.09,-12.59,9.41,-15.05,12.88,-5.5,49.78,-15.05
000503.SZ,国新健康,20260112,-4.13,-14.47,-15.76,-20.33,-17.23,-27.56,-25.84,-34.28,0.0,-41.09
000513.SZ,丽珠集团,20250716,3.37,-3.96,-0.75,-5.82,-0.14,-6.64,-5.06,-11.18,3.37,-29.36
000516.SZ,国际医学,20260113,-1.07,-10.12,-11.01,-14.03,-5.51,-20.25,-7.99,-18.29,9.95,-24.51
000523.SZ,红棉股份,20251222,-1.22,-10.24,3.41,-9.02,2.44,-8.05,-4.88,-20.24,3.41,-24.15
000530.SZ,冰山冷热,20251202,9.93,-1.48,5.23,-8.19,2.55,-8.59,-5.64,-16.78,9.93,-26.58
000531.SZ,穗恒运Ａ,20260324,6.85,-17.89,-10.66,-17.89,-4.06,-11.55,0.25,-6.73,6.85,-17.89
000534.SZ,万泽股份,20250804,-0.35,-9.42,2.25,-6.01,-0.69,-12.07,8.26,-11.9,175.27,-12.07
000537.SZ,绿发电力,20260311,8.97,-4.49,3.25,-14.6,2.46,-13.98,0.35,-11.17,10.03,-14.6
000539.SZ,粤电力Ａ,20260319,21.39,-9.08,-7.46,-13.45,23.99,-5.83,43.92,4.38,43.92,-13.45
000543.SZ,皖能电力,20251027,0.23,-5.32,-4.16,-10.29,-3.12,-9.94,1.97,-8.09,13.29,-10.29
000547.SZ,航天发展,20251114,49.84,21.04,135.18,57.92,325.08,123.7,245.38,175.03,325.08,0.0
000551.SZ,创元科技,20251223,23.15,2.69,16.11,3.63,15.97,5.22,7.4,-8.64,28.74,-8.64
000560.SZ,我爱我家,20260129,8.41,-3.6,8.71,-3.9,4.2,-14.71,-7.21,-14.11,8.71,-17.72
000568.SZ,泸州老窖,20251110,0.58,-6.72,-4.64,-12.01,-13.69,-18.44,-11.36,-21.37,0.58,-37.53
000591.SZ,太阳能,20260114,13.24,-0.4,13.24,6.13,31.82,7.71,26.28,2.77,31.82,-1.38
000592.SZ,平潭发展,20250827,-8.01,-16.28,-10.08,-14.21,66.41,-14.99,223.26,82.95,334.11,-16.28
000597.SZ,东北制药,20250721,7.63,1.66,1.0,-4.31,-2.49,-7.46,-5.64,-11.77,7.63,-23.88
000601.SZ,韶能股份,20260309,20.59,-9.33,31.41,-6.52,11.26,-5.48,31.85,7.26,31.85,-9.33
000617.SZ,中油资本,20250708,12.6,2.66,12.95,-1.97,51.1,-3.58,32.83,19.08,51.1,-10.52
000620.SZ,盈新发展,20251021,61.11,21.21,93.43,59.6,81.82,35.86,74.24,35.35,93.43,0.0
000629.SZ,钒钛股份,20250929,1.62,-4.87,-0.97,-4.55,9.42,-3.57,1.62,-5.84,40.58,-5.84
000630.SZ,铜陵有色,20250806,7.2,0.0,13.9,2.98,46.4,4.96,45.91,25.06,128.04,-0.25
000631.SZ,顺发恒能,20251112,-3.04,-16.71,-12.15,-16.46,-13.67,-19.24,8.61,-15.19,8.61,-19.49
000636.SZ,风华高科,20251024,4.48,-4.71,1.67,-11.03,-4.02,-11.32,15.97,-9.76,204.6,-11.32
000661.SZ,长春高新,20250901,12.9,5.0,14.94,4.61,20.23,-5.84,-6.47,-12.75,20.23,-35.61
000672.SZ,上峰水泥,20250721,0.64,-7.11,-1.38,-5.94,-0.85,-8.7,24.2,-8.28,101.06,-8.7
000681.SZ,视觉中国,20251121,-0.08,-11.4,-9.98,-17.28,38.56,-14.64,20.32,1.85,38.56,-24.39
000682.SZ,东方电子,20250825,-2.38,-9.28,-2.3,-9.11,3.94,-4.43,8.13,-8.37,25.62,-9.28
000685.SZ,中山公用,20250924,20.77,-2.43,10.97,4.44,6.62,-1.34,13.9,-5.53,20.77,-12.23
000690.SZ,宝新能源,20260325,-1.78,-18.36,-2.32,-17.83,2.32,-7.13,10.34,2.5,10.34,-18.36
000703.SZ,恒逸石化,20251202,2.31,-7.8,33.74,-6.09,48.36,25.09,62.36,35.08,122.05,-7.8
000723.SZ,美锦能源,20251117,-5.81,-17.95,-11.62,-20.0,-14.7,-21.2,-11.62,-21.03,0.0,-32.31
000725.SZ,京东方Ａ,20260521,23.03,8.96,,,,,,,23.03,0.0
000727.SZ,冠捷科技,20250915,3.72,-6.76,-5.74,-14.19,-5.41,-12.16,-2.36,-14.19,3.72,-16.22
000733.SZ,振华科技,20251027,0.94,-5.1,-7.59,-12.7,-6.1,-12.44,10.71,-5.42,11.76,-19.8
000735.SZ,罗 牛 山,20250724,-6.96,-10.65,-8.52,-11.08,-5.97,-12.93,-2.98,-11.51,58.66,-21.02
000739.SZ,普洛药业,20260113,8.83,-0.84,7.64,0.28,5.28,-4.05,3.6,-7.81,8.83,-7.81
000750.SZ,国海证券,20250911,-0.61,-9.16,-5.7,-9.78,-5.09,-9.16,-9.57,-14.87,0.0,-24.64
000758.SZ,中色股份,20250711,15.82,-2.81,10.9,3.51,26.36,4.57,33.92,8.61,58.88,-2.81
000762.SZ,西藏矿业,20250724,-5.45,-10.27,-2.58,-7.78,-3.7,-11.86,6.91,-10.86,64.73,-11.86
000767.SZ,晋控电力,20260206,10.53,-4.68,15.2,2.92,48.83,2.63,49.71,9.65,63.16,-4.68
000777.SZ,中核科技,20251226,19.57,0.15,10.0,0.19,1.98,-7.05,3.99,-13.91,19.57,-31.69
000785.SZ,居然智家,20260113,-7.48,-13.02,-11.08,-19.11,-17.45,-22.16,-22.44,-35.18,0.0,-35.18
000796.SZ,凯撒旅业,20250708,17.79,-7.21,27.93,6.08,34.68,6.98,60.36,29.95,84.01,-7.21
000799.SZ,酒鬼酒,20250819,22.88,9.77,27.02,12.77,20.97,3.24,16.24,3.86,27.02,-30.81
000819.SZ,岳阳兴长,20250709,6.31,-3.36,-2.84,-7.7,0.29,-7.64,5.9,-3.88,17.13,-18.92
000825.SZ,太钢不锈,20251215,6.79,-1.23,14.61,0.62,14.61,-0.82,11.73,-6.79,14.61,-20.37
000829.SZ,天音控股,20251201,-1.32,-7.83,-2.38,-6.95,4.75,-8.8,-1.41,-10.83,6.87,-25.79
000839.SZ,国安股份,20260210,15.29,-5.81,21.71,-0.92,10.7,-5.5,8.56,-10.09,21.71,-10.09
000859.SZ,国风新材,20251121,8.41,-12.1,22.7,2.3,55.53,10.6,45.62,11.75,55.53,-12.1
000875.SZ,电投绿能,20260114,2.36,-4.87,8.71,-2.95,18.76,1.03,10.64,-9.9,18.76,-9.9
000886.SZ,海南高速,20251210,-8.33,-23.04,-10.29,-20.71,-14.58,-22.06,-17.28,-25.25,0.0,-41.42
000899.SZ,赣能股份,20260226,21.61,3.39,14.23,-1.58,9.79,-7.83,7.68,-6.02,21.61,-7.83
000905.SZ,厦门港务,20251017,22.22,2.46,24.68,10.15,70.62,7.8,56.2,35.15,70.62,-0.85
000917.SZ,电广传媒,20251020,5.44,-0.93,3.47,-3.82,8.8,-5.09,53.59,0.58,53.59,-10.65
000922.SZ,佳电股份,20250722,-3.95,-10.47,-3.1,-10.23,-5.43,-11.01,-0.31,-8.53,32.4,-11.01
000923.SZ,河钢资源,20250930,5.92,-2.68,4.69,-1.34,5.92,-4.36,18.26,3.35,47.52,-14.52
000927.SZ,中国铁物,20260122,0.68,-5.42,0.34,-5.08,13.22,-10.17,13.22,-2.71,13.22,-10.17
000938.SZ,紫光股份,20260422,10.86,4.68,9.99,-2.24,-3.34,-6.35,,,10.86,-6.35
000949.SZ,新乡化纤,20251009,-8.18,-14.26,-0.21,-11.74,15.51,-7.13,17.4,-4.19,73.79,-14.26
000950.SZ,重药控股,20251215,1.03,-10.16,-3.83,-14.29,-5.01,-13.11,-12.81,-18.26,5.15,-23.27
000957.SZ,中通客车,20251015,-0.87,-7.55,-7.08,-9.99,-7.87,-16.05,-8.26,-13.77,0.0,-19.35
000969.SZ,安泰科技,20251009,42.96,20.98,57.64,27.28,37.27,14.21,43.7,23.66,96.18,0.0
000970.SZ,中科三环,20250724,1.72,-6.03,11.63,-2.08,13.78,-0.93,10.91,-2.66,13.78,-19.96
000987.SZ,越秀资本,20250709,2.35,-3.0,0.39,-4.05,6.27,-3.39,3.26,-4.96,52.61,-7.05
000990.SZ,诚志股份,20260123,0.87,-11.07,-2.93,-7.82,17.16,-6.62,43.0,1.09,43.0,-11.07
000993.SZ,闽东电力,20251105,19.08,-4.75,8.57,-9.81,10.9,-8.18,6.23,-6.23,27.02,-9.81
001208.SZ,华菱线缆,20250722,-2.49,-8.18,2.26,-1.95,-0.86,-8.81,14.19,-5.77,142.01,-13.02
001213.SZ,中铁特货,20250723,-6.43,-11.62,-10.37,-12.24,-10.17,-13.49,-11.0,-13.69,0.0,-21.58
001287.SZ,中电港,20260506,5.74,-2.78,-3.26,-10.72,,,,,5.74,-10.72
001332.SZ,锡装股份,20250909,25.19,3.15,55.11,29.92,49.77,17.48,31.81,9.64,55.11,-2.67
001337.SZ,四川黄金,20250909,-1.59,-9.71,8.7,-6.55,2.88,-8.08,-0.73,-8.21,154.87,-9.71
001376.SZ,百通能源,20251211,18.49,2.65,30.32,18.06,75.77,12.97,64.16,37.13,75.77,-5.45
001979.SZ,招商蛇口,20260129,0.37,-7.35,-3.95,-11.49,-10.48,-27.11,-14.89,-27.94,0.37,-27.94
002004.SZ,华邦健康,20260114,7.89,-0.92,3.12,-1.1,3.3,-3.67,-1.1,-11.56,7.89,-17.61
002009.SZ,天奇股份,20251229,8.03,-1.83,34.84,-0.42,68.4,21.13,33.94,9.48,68.4,-1.83
002011.SZ,盾安环境,20250815,0.07,-5.09,-4.28,-10.55,10.55,-5.97,5.16,-1.25,10.55,-15.56
002020.SZ,京新药业,20250704,8.44,1.21,12.19,3.75,36.77,21.3,44.88,28.67,44.88,-11.45
002023.SZ,海特高新,20260108,2.33,-7.38,-2.13,-21.68,-16.89,-25.33,-24.47,-34.31,2.33,-34.31
002028.SZ,思源电气,20250901,-2.8,-5.94,8.44,-3.34,48.29,6.71,58.31,40.91,142.33,-5.94
002030.SZ,达安基因,20250724,2.51,-3.48,0.14,-2.51,-0.84,-11.84,-9.75,-13.93,7.38,-20.89
002033.SZ,丽江股份,20260416,0.82,-13.72,-15.46,-17.57,-17.47,-21.77,,,0.82,-21.77
002034.SZ,旺能环境,20260513,7.27,-1.72,-4.29,-9.78,,,,,7.27,-9.78
002036.SZ,联创电子,20260106,4.55,-7.23,0.08,-14.38,-8.45,-15.11,-14.95,-29.49,4.55,-37.61
002039.SZ,黔源电力,20260529,,,,,,,,,0.0,0.0
002041.SZ,登海种业,20260130,2.66,-9.21,9.03,-6.64,6.38,-12.75,-6.64,-15.41,9.03,-23.03
002044.SZ,美年健康,20251218,-5.98,-14.12,41.36,-10.13,28.41,10.3,17.11,-9.97,41.36,-14.12
002051.SZ,中工国际,20260402,20.08,-0.71,20.79,0.4,19.78,4.24,,,20.79,-3.83
002053.SZ,云南能投,20250818,27.14,-5.0,25.02,12.89,17.22,2.8,18.07,1.95,27.14,-7.38
002056.SZ,横店东磁,20260313,-11.84,-17.07,-23.53,-30.73,-22.45,-28.68,4.37,-25.77,4.37,-30.73
002060.SZ,广东建工,20250722,-6.07,-11.41,-9.47,-11.65,-6.55,-12.86,4.13,-9.95,4.13,-16.99
002063.SZ,远光软件,20260306,7.42,-2.0,1.43,-11.7,-6.42,-12.13,-4.71,-15.98,7.42,-15.98
002064.SZ,华峰化学,20250908,7.28,-0.24,15.16,4.3,17.42,1.67,21.48,7.76,64.2,-0.24
002077.SZ,大港股份,20250828,8.96,-3.65,9.95,0.56,7.48,-3.03,16.81,-3.4,17.24,-11.62
002079.SZ,苏州固锝,20260209,-1.27,-11.85,-9.99,-14.56,-12.96,-21.85,9.65,-13.21,14.65,-21.85
002081.SZ,金 螳 螂,20260420,75.0,8.58,95.59,39.95,50.98,33.82,,,95.59,0.0
002083.SZ,孚日股份,20251017,14.11,-0.89,106.43,4.11,127.14,64.29,151.07,90.89,159.46,-0.89
002091.SZ,江苏国泰,20250825,3.11,-3.35,8.73,2.63,11.24,0.6,27.39,3.11,27.39,-3.35
002092.SZ,中泰化学,20260106,13.1,-1.29,29.34,10.52,49.45,17.34,57.01,16.61,57.01,-15.31
002100.SZ,天康生物,20250911,7.05,-0.13,3.46,-4.52,4.92,-1.86,1.6,-9.04,11.04,-12.5
002112.SZ,三变科技,20251105,3.0,-12.24,-12.99,-19.18,-12.93,-19.8,49.66,-15.12,72.58,-19.8
002119.SZ,康强电子,20251107,-5.93,-24.76,-21.49,-24.24,-19.31,-25.47,29.17,-17.69,29.17,-25.47
002120.SZ,韵达股份,20250807,1.81,-8.05,-1.81,-13.61,-8.05,-16.21,-15.76,-18.37,1.81,-28.0
002124.SZ,天邦食品,20260415,-1.91,-20.7,-2.23,-17.83,-7.64,-18.15,,,0.0,-20.7
002129.SZ,TCL中环,20250925,1.38,-4.89,1.81,-7.01,15.94,-1.59,-1.49,-12.11,24.12,-13.71
002140.SZ,东华科技,20250911,3.14,-4.62,17.8,3.14,15.18,2.27,5.06,-6.02,27.84,-11.34
002145.SZ,钛能化学,20250821,7.55,-2.24,6.73,0.82,24.29,7.96,18.57,-1.84,24.29,-12.45
002146.SZ,荣盛发展,20250912,21.14,-8.57,-6.86,-11.43,11.43,-10.29,4.57,-11.43,21.14,-30.29
002151.SZ,北斗星通,20251222,58.39,2.53,83.64,27.92,36.4,16.77,31.73,1.54,83.64,-6.29
002154.SZ,报 喜 鸟,20250919,-1.92,-13.68,-11.54,-14.53,-5.77,-17.09,-10.9,-17.31,0.85,-25.0
002156.SZ,通富微电,20250829,6.86,-5.68,17.26,-0.42,41.95,15.38,25.78,6.53,127.83,-5.68
002157.SZ,正邦科技,20251211,8.12,-0.58,3.19,-6.09,-1.74,-9.28,1.16,-10.72,8.12,-12.17
002158.SZ,汉钟精机,20260506,15.38,3.36,17.71,-0.4,,,,,17.71,-0.4
002166.SZ,莱茵生物,20260126,-3.44,-8.4,-6.07,-11.84,-4.25,-17.0,-4.86,-13.06,0.0,-17.0
002170.SZ,芭田股份,20251106,6.28,-1.85,-2.66,-8.53,-0.32,-7.97,15.38,-1.85,19.81,-8.53
002179.SZ,中航光电,20260511,3.18,-3.13,-2.78,-10.32,,,,,3.18,-10.32
002182.SZ,宝武镁业,20250818,3.78,-4.4,12.17,-6.74,13.2,-4.88,2.34,-5.78,57.15,-11.0
002183.SZ,怡 亚 通,20250915,4.74,-6.92,-0.55,-10.56,-1.46,-9.29,-6.92,-17.67,38.8,-17.67
002192.SZ,融捷股份,20250714,9.76,-5.54,12.33,-0.35,10.86,-0.17,19.67,-1.91,221.05,-5.54
002203.SZ,海亮股份,20250801,12.18,-1.26,11.6,1.09,9.24,-4.54,13.19,-7.98,93.53,-9.41
002204.SZ,大连重工,20251111,-1.36,-10.1,-2.05,-11.6,7.64,-3.0,10.91,-3.0,10.91,-17.05
002219.SZ,新里程,20260113,4.0,-6.4,-2.8,-7.6,4.0,-7.2,3.2,-13.2,10.0,-14.8
002221.SZ,东华能源,20260302,4.39,-7.29,0.11,-7.4,-7.07,-17.36,-11.47,-32.05,7.29,-32.05
002223.SZ,鱼跃医疗,20250908,-0.95,-5.08,-2.48,-6.4,-4.82,-12.45,-8.77,-12.13,13.5,-33.92
002226.SZ,江南化工,20250722,-7.23,-11.99,-5.64,-10.26,-4.48,-12.43,3.18,-7.37,3.18,-26.45
002229.SZ,鸿博股份,20260414,1.02,-17.36,-5.48,-18.32,-12.89,-33.96,,,1.02,-33.96
002233.SZ,塔牌集团,20250721,-3.87,-8.08,-1.14,-6.14,4.32,-1.71,6.37,-1.37,14.79,-9.78
002239.SZ,奥特佳,20250909,5.59,-4.12,0.0,-7.06,-3.24,-10.0,-3.24,-12.06,5.59,-22.06
002240.SZ,盛新锂能,20250718,14.85,0.28,30.12,7.98,38.45,15.06,37.82,21.44,331.23,-0.97
002243.SZ,力合科创,20251023,-1.41,-8.16,-7.35,-9.97,-1.21,-10.07,19.84,-4.83,19.84,-16.82
002244.SZ,滨江集团,20250909,10.52,-1.62,12.86,5.22,6.03,-7.73,-3.51,-12.68,12.86,-18.08
002249.SZ,大洋电机,20250813,6.75,0.76,7.01,-2.04,53.38,7.52,68.66,29.17,68.66,-2.04
002255.SZ,海陆重工,20251104,37.59,15.46,28.89,11.48,23.15,5.93,39.07,11.67,39.07,-9.72
002258.SZ,利尔化学,20260119,8.67,-2.2,2.26,-3.17,4.21,-15.2,-8.24,-15.87,8.67,-28.02
002263.SZ,大东南,20260327,22.6,5.65,27.03,4.91,6.88,-12.29,-4.18,-4.18,27.03,-12.29
002266.SZ,浙富控股,20250722,5.67,-11.58,-9.85,-12.81,1.72,-12.07,17.0,-3.69,39.16,-12.81
002267.SZ,陕天然气,20260303,-8.08,-12.06,-10.07,-14.6,-10.95,-16.04,-10.51,-19.58,0.0,-19.58
002268.SZ,电科网安,20251226,16.87,1.03,7.48,-2.12,0.2,-8.8,-0.49,-18.94,16.87,-30.4
002285.SZ,世联行,20251121,16.38,-4.18,19.51,0.35,14.29,-2.79,6.62,-8.36,21.6,-9.76
002291.SZ,遥望科技,20251126,-11.37,-20.26,-23.22,-26.9,-9.0,-25.59,7.11,-15.64,7.11,-31.16
002292.SZ,奥飞娱乐,20260112,-4.88,-16.68,-8.85,-17.24,0.28,-23.13,-22.95,-32.17,0.28,-32.17
002300.SZ,太阳电缆,20251106,4.52,-13.07,18.34,-17.34,62.56,14.82,31.66,5.53,62.56,-17.34
002307.SZ,北新路桥,20250722,-1.79,-9.38,26.79,-7.81,9.15,0.45,24.33,-3.13,31.7,-13.17
002310.SZ,东方新能,20260316,28.43,-4.01,14.38,-5.35,15.05,-2.34,3.01,-5.69,28.43,-5.69
002318.SZ,久立特材,20251009,-0.42,-5.96,0.87,-6.49,0.91,-7.22,10.1,-8.7,34.98,-10.67
002324.SZ,普利特,20250707,7.07,0.79,10.22,3.67,25.85,12.14,29.96,15.11,108.73,0.0
002344.SZ,海宁皮城,20251204,-4.85,-13.43,-6.34,-11.94,-5.04,-11.38,-3.73,-13.81,0.0,-27.05
002361.SZ,神剑股份,20251219,77.36,21.05,121.79,45.53,86.54,36.6,74.79,33.41,189.47,0.0
002373.SZ,千方科技,20260106,4.97,-3.65,3.03,-5.12,-3.11,-19.02,-16.61,-27.72,4.97,-37.81
002380.SZ,科远智慧,20251021,3.17,-3.6,-3.08,-8.1,-9.36,-14.81,8.47,-12.57,67.53,-14.81
002390.SZ,信邦制药,20251210,-17.59,-22.89,-20.48,-22.41,-16.87,-20.96,-17.83,-22.65,0.0,-28.19
002400.SZ,省广集团,20250916,-3.78,-12.43,-7.24,-15.89,-5.84,-13.62,5.3,-13.3,49.3,-15.89
002407.SZ,多氟多,20250905,16.98,6.52,37.06,5.46,116.85,29.36,167.61,103.82,181.11,0.0
002408.SZ,齐翔腾达,20250725,-0.19,-6.51,-4.65,-8.55,-3.35,-7.99,-6.88,-11.71,30.48,-14.68
002413.SZ,雷科防务,20251125,39.51,-0.71,42.37,22.97,187.16,27.67,119.69,90.16,187.16,-0.71
002415.SZ,海康威视,20251009,-2.05,-5.3,-0.79,-7.81,-6.91,-12.99,-10.95,-16.04,6.2,-16.04
002421.SZ,达实智能,20260515,49.53,20.87,,,,,,,49.53,0.0
002422.SZ,科伦药业,20250901,1.47,-7.4,-5.26,-9.37,-8.43,-15.33,-13.71,-20.22,1.47,-28.12
002423.SZ,中粮资本,20250828,-1.48,-8.43,2.6,-7.73,-4.01,-10.75,-10.96,-19.26,2.6,-36.4
002428.SZ,云南锗业,20250729,-8.48,-13.37,13.65,-8.28,25.09,7.12,22.57,2.72,306.2,-13.37
002432.SZ,九安医疗,20251110,-0.7,-6.79,-5.41,-8.03,-4.98,-9.41,-0.5,-7.81,109.84,-9.41
002437.SZ,誉衡药业,20250710,5.1,-0.64,28.66,8.28,19.75,7.96,13.06,-1.59,28.66,-5.73
002438.SZ,江苏神通,20251212,-1.49,-8.0,4.84,-2.79,20.35,-2.3,20.91,7.69,20.91,-8.0
002440.SZ,闰土股份,20260121,39.73,4.22,70.7,33.3,65.15,19.98,38.73,21.53,70.7,0.0
002444.SZ,巨星科技,20260106,3.57,-4.77,3.81,-8.61,0.27,-13.3,-8.96,-22.83,3.81,-22.83
002445.SZ,中南文化,20250819,0.0,-3.41,12.12,-0.76,12.88,-6.44,3.41,-4.55,70.08,-6.44
002452.SZ,长高电新,20251029,6.67,-1.79,3.45,-7.98,-1.07,-6.67,21.9,-2.14,53.33,-7.98
002455.SZ,百川股份,20260129,70.07,7.45,66.51,41.63,85.32,35.32,54.36,18.81,85.32,-1.03
002460.SZ,赣锋锂业,20250724,-2.84,-8.88,2.82,-6.52,26.78,-3.02,77.03,33.35,132.11,-8.88
002465.SZ,海格通信,20251229,73.42,2.61,56.09,12.25,22.02,8.99,13.88,-8.47,73.42,-8.47
002467.SZ,二六三,20260413,0.51,-13.72,-9.66,-15.88,-12.07,-29.99,,,0.51,-29.99
002468.SZ,申通快递,20260416,-1.66,-9.32,-9.04,-13.87,-12.04,-17.58,,,0.0,-17.58
002470.SZ,金正大,20260211,36.56,-6.61,58.59,25.99,41.85,20.26,34.36,11.01,58.59,-6.61
002474.SZ,榕基软件,20251015,6.07,-9.54,7.19,-6.57,69.89,-4.21,33.21,14.99,69.89,-18.09
002478.SZ,常宝股份,20251105,18.47,0.54,4.55,-5.49,21.55,0.4,38.15,8.57,85.68,-5.49
002497.SZ,雅化集团,20250722,8.4,-6.4,3.65,-6.13,-1.65,-8.05,12.73,-5.78,113.9,-8.05
002506.SZ,协鑫集成,20250710,1.4,-6.29,-3.85,-10.84,-4.2,-13.29,-1.4,-12.24,112.24,-15.03
002510.SZ,天汽模,20260108,4.75,-2.44,1.93,-7.7,11.04,-6.93,-7.83,-13.99,11.04,-17.2
002515.SZ,金字火腿,20260506,8.45,-4.23,-1.41,-13.24,,,,,8.45,-13.24
002519.SZ,银河电子,20251201,23.01,5.84,17.7,-0.71,103.01,13.1,89.38,38.58,103.01,-0.71
002539.SZ,云图控股,20260119,15.33,0.23,22.05,6.8,25.38,3.47,18.13,1.21,25.38,-4.68
002579.SZ,中京电子,20260526,20.94,14.03,,,,,,,20.94,0.0
002580.SZ,圣阳股份,20260325,18.15,-1.09,112.36,22.14,123.94,50.06,56.24,48.2,123.94,-1.09
002585.SZ,双星新材,20251204,20.95,-0.79,11.59,2.54,26.83,6.35,30.48,7.78,80.79,-0.79
002595.SZ,豪迈科技,20251027,10.02,1.77,7.69,3.62,38.08,3.13,35.51,26.98,54.31,-18.1
002597.SZ,金禾实业,20260210,8.01,-2.75,1.83,-9.73,-6.83,-19.03,-6.37,-14.87,8.01,-22.65
002606.SZ,大连电瓷,20260202,8.22,-2.46,20.25,4.15,16.95,-9.24,31.61,-2.03,45.93,-9.24
002607.SZ,中公教育,20260113,-5.47,-11.55,-10.33,-16.11,-9.12,-18.24,-16.41,-23.71,1.22,-26.44
002608.SZ,江苏国信,20260529,,,,,,,,,0.0,0.0
002612.SZ,朗姿股份,20251119,-12.69,-16.24,-16.33,-19.97,-11.59,-18.06,-11.51,-22.21,0.0,-45.01
002617.SZ,露笑科技,20250905,18.92,1.1,12.98,-1.87,-0.33,-9.46,2.86,-14.41,18.92,-21.56
002635.SZ,安洁科技,20260409,10.54,-1.84,7.05,3.11,20.44,5.65,,,20.44,-1.84
002643.SZ,万润股份,20251223,-2.63,-8.49,10.99,-4.27,9.89,-1.83,7.81,-9.46,11.29,-9.46
002645.SZ,华宏科技,20260401,23.33,-3.96,39.83,15.57,76.83,40.26,,,76.83,-3.96
002654.SZ,万润科技,20250922,2.09,-8.53,8.98,-8.91,8.53,-15.93,-8.91,-19.41,21.87,-21.49
002662.SZ,峰璟股份,20260121,-3.53,-8.83,-5.52,-9.27,-7.28,-21.63,-6.4,-16.11,0.0,-23.4
002697.SZ,红旗连锁,20251215,12.84,-2.57,5.94,-4.82,5.14,-6.1,-4.98,-11.56,12.84,-23.76
002701.SZ,奥瑞金,20251013,3.83,-2.88,-1.12,-6.07,-1.92,-11.34,-1.12,-8.47,3.83,-21.57
002703.SZ,浙江世宝,20251217,67.8,21.01,91.85,50.52,65.86,39.74,73.74,35.52,91.85,0.0
002705.SZ,新宝股份,20260415,8.13,-8.13,-12.75,-23.53,-22.55,-28.84,,,8.13,-28.84
002716.SZ,湖南白银,20250711,10.66,2.95,14.97,1.36,43.54,10.43,72.79,36.28,379.59,0.0
002730.SZ,电光科技,20260309,19.77,0.16,53.83,21.39,76.89,35.58,82.84,55.09,82.84,0.0
002733.SZ,雄韬股份,20260311,4.21,-7.62,2.88,-9.39,18.96,2.26,27.43,-6.73,27.43,-9.39
002735.SZ,王子新材,20251231,29.01,6.32,11.2,-0.78,4.22,-4.94,-3.22,-22.24,29.01,-27.4
002739.SZ,儒意电影,20250919,-2.96,-13.73,-13.88,-16.77,-8.27,-15.37,-9.2,-13.96,8.19,-30.73
002752.SZ,昇兴股份,20251104,4.08,-3.92,8.31,-4.23,38.09,2.51,12.85,2.35,38.09,-8.78
002761.SZ,浙江建投,20250722,-2.55,-9.92,-8.03,-10.96,-4.35,-14.08,-8.79,-14.37,0.0,-29.11
002772.SZ,众兴菌业,20250912,4.46,-8.62,3.87,-0.89,44.7,7.43,30.92,18.63,93.95,-8.62
002788.SZ,鹭燕医药,20251114,-11.98,-21.13,-3.17,-17.19,135.16,-5.9,107.87,33.62,135.16,-21.13
002810.SZ,山东赫达,20251223,-3.13,-9.13,9.38,-7.75,25.08,6.44,30.21,9.88,81.86,-9.13
002821.SZ,凯莱英,20260401,0.17,-3.64,6.27,-8.63,6.75,-3.64,,,6.75,-8.63
002831.SZ,裕同科技,20260311,11.8,-5.17,11.71,-6.93,29.21,6.69,31.06,13.15,31.06,-6.93
002832.SZ,比音勒芬,20260429,7.47,-0.41,6.05,-0.66,,,,,7.47,-0.66
002833.SZ,弘亚数控,20250813,-7.2,-11.13,-10.62,-13.84,-10.32,-15.88,-14.5,-18.18,13.94,-20.94
002840.SZ,华统股份,20260407,6.8,-2.94,1.47,-9.04,-3.86,-29.21,,,6.8,-29.21
002850.SZ,科达利,20260416,1.94,-7.36,0.2,-6.76,1.09,-15.42,,,1.94,-15.42
002870.SZ,香山股份,20250916,1.03,-9.9,8.77,-9.75,1.55,-10.55,-0.21,-11.68,11.74,-11.68
002902.SZ,铭普光磁,20260326,2.87,-8.37,8.16,-8.9,39.93,0.21,22.42,16.67,39.93,-8.9
002911.SZ,佛燃能源,20250815,-8.21,-13.06,-14.33,-17.54,4.85,-16.12,1.19,-9.7,32.61,-17.54
002927.SZ,泰永长征,20251107,16.33,-5.75,-1.21,-10.19,15.4,-3.18,35.01,1.64,35.01,-10.3
002935.SZ,天奥电子,20251113,-1.66,-13.37,-2.26,-8.84,27.99,-5.28,31.56,6.58,31.56,-13.37
002939.SZ,长城证券,20250813,38.35,19.18,24.3,14.06,25.9,10.54,19.18,5.72,38.35,-15.66
002945.SZ,华林证券,20260106,13.23,-5.16,6.0,-3.87,16.31,-5.89,-6.89,-14.24,16.31,-18.27
002962.SZ,五方光电,20260410,7.04,-3.19,11.47,-3.37,17.56,7.92,,,17.56,-3.37
002978.SZ,安宁股份,20260106,4.62,-0.8,16.04,1.02,17.97,-1.02,6.0,-13.13,17.97,-23.94
002979.SZ,雷赛智能,20260508,34.09,6.97,23.41,10.12,,,,,34.09,0.0
003019.SZ,宸展光电,20260515,21.09,-4.43,,,,,,,21.09,-4.43
003022.SZ,联泓新科,20250815,14.83,4.38,24.51,5.57,22.24,5.84,20.78,4.44,48.76,-1.41
003035.SZ,南网能源,20260120,32.15,-0.53,34.99,15.81,88.28,32.68,63.06,27.89,88.28,-0.53
300001.SZ,特锐德,20250923,1.25,-3.18,7.33,-3.79,10.41,-6.8,-4.62,-10.02,43.72,-10.02
300006.SZ,莱美药业,20250714,5.2,-1.25,18.09,2.7,7.48,-4.37,-2.91,-11.64,36.8,-11.64
300009.SZ,安科生物,20250731,1.57,-9.74,-1.32,-8.01,-1.49,-16.76,-9.91,-17.59,1.57,-32.37
300017.SZ,网宿科技,20260126,40.13,13.13,63.43,31.2,47.97,21.12,38.9,16.47,63.43,-1.74
300031.SZ,宝通科技,20260519,-2.59,-12.66,,,,,,,0.41,-12.66
300041.SZ,回天新材,20260525,11.3,2.18,,,,,,,11.3,0.0
300048.SZ,合康新能,20260108,3.14,-3.29,4.57,-2.14,18.86,-1.57,12.14,-8.0,18.86,-17.0
300051.SZ,琏升科技,20260109,24.42,-8.41,29.38,13.25,28.11,6.8,63.25,23.5,111.29,-8.41
300053.SZ,航宇微,20251201,4.3,-7.63,6.71,-4.3,38.55,5.16,44.06,6.43,44.06,-7.75
300057.SZ,万顺新材,20260327,9.08,-6.2,36.01,8.62,50.23,23.6,24.51,24.51,50.23,-6.2
300059.SZ,东方财富,20250815,8.03,0.15,7.21,-2.13,5.42,-7.1,-1.01,-8.41,8.03,-31.05
300062.SZ,中能电气,20251104,51.37,24.12,19.95,7.69,45.5,7.3,38.2,8.6,51.37,-8.47
300063.SZ,天龙集团,20260109,60.65,18.62,63.59,28.76,51.61,7.93,16.41,-1.94,63.59,-5.71
300067.SZ,安诺其,20260209,-1.19,-18.4,-9.71,-18.74,26.06,-30.49,35.78,-1.7,35.78,-30.49
300079.SZ,数码视讯,20260210,-2.51,-16.86,-11.83,-15.53,-13.76,-24.7,-11.98,-19.53,0.0,-24.7
300087.SZ,荃银高科,20251121,-1.86,-3.9,-2.54,-4.23,-1.02,-20.49,-11.77,-29.13,0.0,-38.36
300088.SZ,长信科技,20260416,-3.86,-15.7,-3.22,-10.68,1.54,-9.65,,,1.54,-15.7
300099.SZ,尤洛卡,20260106,-1.31,-6.21,2.86,-6.21,15.99,-2.39,15.39,-2.51,19.33,-7.28
300101.SZ,振芯科技,20251230,20.27,-3.13,15.59,-3.02,8.89,-11.48,-9.72,-30.38,20.27,-37.98
300118.SZ,东方日升,20251105,6.14,1.41,-2.49,-15.51,31.01,-16.92,90.13,19.9,99.0,-16.92
300124.SZ,汇川技术,20250908,2.49,-3.04,8.41,-3.49,-1.5,-12.05,-9.72,-15.13,8.41,-25.18
300128.SZ,锦富技术,20250923,11.73,1.02,47.62,0.0,37.76,11.9,37.76,15.99,47.62,-3.06
300129.SZ,泰胜风能,20251205,-0.66,-6.04,25.58,-6.7,86.61,27.99,58.73,41.49,86.61,-6.7
300142.SZ,沃森生物,20250724,2.33,-5.42,-0.3,-4.52,1.36,-8.58,-10.24,-14.68,20.48,-17.85
300143.SZ,盈康生命,20250901,8.42,-3.5,0.25,-7.5,-4.83,-12.58,-7.08,-17.0,11.5,-18.75
300151.SZ,昌红科技,20260116,-1.13,-6.76,-2.37,-9.86,9.8,-16.39,4.62,-16.28,38.42,-16.39
300161.SZ,华中数控,20260507,5.42,-5.95,-3.35,-16.81,,,,,5.42,-16.81
300164.SZ,通源石油,20260113,27.99,-3.06,84.4,53.62,242.06,48.75,184.82,89.97,242.06,-3.06
300170.SZ,汉得信息,20260108,35.2,15.35,20.91,8.87,18.13,-1.94,1.76,-18.92,35.2,-18.92
300174.SZ,元力股份,20250818,2.56,-3.36,4.79,-2.22,0.8,-10.03,0.46,-9.23,54.13,-13.79
300179.SZ,四方达,20251010,36.21,2.18,26.79,13.44,62.39,29.76,52.27,23.21,294.85,0.0
300185.SZ,通裕重工,20260313,-0.24,-11.64,-14.96,-25.65,-19.0,-25.42,-24.47,-33.97,0.0,-33.97
300191.SZ,潜能恒信,20260122,55.38,8.56,62.04,25.77,129.49,58.02,86.55,59.14,129.49,0.0
300206.SZ,理邦仪器,20251028,1.72,-3.94,1.15,-5.08,-0.21,-10.24,11.67,-8.73,11.67,-10.24
300219.SZ,鸿利智汇,20250917,8.14,-3.02,-4.2,-9.19,1.84,-6.56,1.84,-9.32,23.75,-9.32
300223.SZ,北京君正,20250912,2.28,-5.06,13.2,-2.3,13.16,-1.86,15.66,-8.89,90.22,-8.89
300226.SZ,上海钢联,20260114,-6.64,-15.89,-7.07,-16.44,-9.22,-18.62,-19.78,-27.99,0.0,-33.25
300227.SZ,光韵达,20260119,10.31,-0.97,16.48,11.72,18.41,-10.93,13.39,-4.93,18.41,-10.93
300244.SZ,迪安诊断,20260109,35.82,15.38,20.76,6.72,14.87,-7.73,-8.52,-20.26,35.82,-20.26
300246.SZ,宝莱特,20260112,34.19,19.89,25.21,11.64,53.99,14.3,48.49,16.04,97.71,0.0
300259.SZ,新天科技,20251104,12.17,-1.09,-2.83,-7.17,0.87,-8.04,4.78,-3.48,62.39,-8.04
300263.SZ,隆华科技,20250721,6.99,-5.38,3.55,-5.84,6.19,-3.55,4.47,-7.1,59.45,-9.97
300265.SZ,通光线缆,20251211,20.9,6.99,38.55,11.24,43.96,7.66,78.68,24.06,112.91,0.0
300278.SZ,华昌达,20260112,-4.15,-8.44,-8.0,-18.37,-14.22,-24.15,-23.41,-34.81,0.0,-34.81
300291.SZ,百纳千成,20251230,33.89,-9.41,30.54,9.92,27.58,-4.9,-0.77,-18.43,33.89,-27.96
300292.SZ,吴通控股,20260511,12.25,-6.05,-8.82,-13.24,,,,,15.03,-13.24
300303.SZ,聚飞光电,20260226,34.73,-2.58,11.83,-6.56,11.18,-6.88,19.14,-4.41,34.73,-6.88
300323.SZ,华灿光电,20260305,30.83,5.17,6.93,-7.71,19.9,-9.85,82.73,24.39,82.73,-9.85
300337.SZ,银邦股份,20251208,2.28,-6.56,31.91,-8.77,55.93,5.82,14.0,-1.18,55.93,-14.37
300349.SZ,金卡智能,20251231,34.36,-0.38,20.35,2.56,14.52,0.51,3.58,-17.02,34.36,-17.02
300357.SZ,我武生物,20250716,4.8,-1.96,10.32,-0.16,35.72,5.76,26.08,12.2,41.2,-11.48
300360.SZ,炬华科技,20251111,-2.97,-17.38,-14.4,-17.22,-7.94,-16.97,-2.1,-12.1,0.0,-27.22
300369.SZ,绿盟科技,20260211,10.7,-11.93,6.32,-9.79,-7.85,-21.61,-16.31,-26.5,10.7,-33.94
300393.SZ,中来股份,20251111,9.73,-9.48,-10.97,-17.21,-10.85,-19.58,28.68,-11.97,55.24,-19.58
300408.SZ,三环集团,20250813,7.94,3.91,8.76,-5.36,26.59,1.82,32.51,14.73,224.91,-5.36
300427.SZ,红相股份,20251117,18.41,-6.1,65.71,1.27,81.36,39.13,108.4,59.26,108.4,-6.1
300429.SZ,强力新材,20260106,7.22,-1.39,8.99,-8.8,2.66,-12.28,-9.75,-23.23,8.99,-23.23
300446.SZ,航天智造,20251029,13.39,-1.71,8.71,-4.68,32.11,-4.33,54.45,22.29,54.45,-18.42
300448.SZ,浩云科技,20251016,-3.54,-7.21,1.05,-4.72,4.19,-6.03,19.0,-0.92,50.2,-14.29
300463.SZ,迈克生物,20260126,-10.21,-16.06,-15.35,-20.85,-18.52,-26.27,-22.18,-26.83,0.0,-33.73
300480.SZ,光力科技,20260116,8.46,-4.11,34.94,2.92,59.94,23.8,65.82,28.97,102.96,-4.11
300482.SZ,万孚生物,20260126,-11.31,-19.72,-19.44,-23.59,-21.4,-28.6,-26.72,-31.81,0.0,-31.81
300487.SZ,蓝晓科技,20251212,1.27,-3.59,14.95,0.37,19.47,6.53,25.88,11.96,25.88,-3.59
300489.SZ,光智科技,20260409,46.65,9.07,108.17,53.53,141.28,89.91,,,141.28,0.0
300505.SZ,川金诺,20260108,11.42,-1.57,15.33,4.67,49.04,4.52,44.02,4.6,49.04,-19.31
300537.SZ,广信材料,20260518,3.32,-9.82,,,,,,,5.01,-9.82
300545.SZ,联得装备,20260310,-1.62,-18.78,-9.02,-17.9,-4.19,-13.73,2.52,-9.13,2.52,-18.78
300552.SZ,万集科技,20251222,15.45,-7.36,16.49,3.74,11.65,-4.54,4.11,-20.54,16.49,-23.39
300569.SZ,天能重工,20260313,3.34,-8.34,-7.83,-19.26,-11.3,-21.57,-21.95,-31.19,7.06,-31.19
300576.SZ,容大感光,20251201,2.93,-3.56,4.44,-4.76,10.49,-5.95,3.98,-9.34,27.35,-19.66
300590.SZ,移为通信,20260423,6.39,0.07,10.58,2.47,5.36,0.14,,,10.58,-3.5
300592.SZ,华凯易佰,20260112,14.67,-4.77,10.36,3.18,7.87,-4.39,-0.23,-15.2,14.67,-15.2
300595.SZ,欧普康视,20250723,5.7,-1.92,5.81,1.64,6.13,-4.38,-4.93,-12.6,6.13,-34.83
300601.SZ,康泰生物,20250724,-1.91,-5.57,1.42,-7.43,11.97,-4.26,-6.17,-11.2,11.97,-31.26
300604.SZ,长川科技,20250818,26.14,-1.59,23.49,9.3,110.13,20.52,86.72,55.4,400.5,-2.28
300608.SZ,思特奇,20260514,20.97,-15.99,-21.63,-21.63,,,,,20.97,-21.63
300613.SZ,富瀚微,20260424,12.25,5.3,18.42,8.27,12.75,5.94,,,18.42,0.0
300627.SZ,华测导航,20260106,9.38,-7.54,-0.85,-11.58,-8.79,-17.13,-15.31,-25.89,9.38,-34.25
300629.SZ,新劲刚,20260108,25.69,-4.91,2.08,-7.06,9.22,-8.99,1.4,-19.12,25.69,-19.12
300632.SZ,光莆股份,20251208,-6.06,-21.07,-9.87,-20.55,-8.66,-21.36,-12.82,-21.19,143.88,-23.73
300633.SZ,开立医疗,20250908,-0.16,-5.95,-4.21,-8.52,-6.47,-22.18,-19.86,-26.99,0.0,-44.28
300634.SZ,彩讯股份,20260112,7.54,-10.5,-6.49,-14.87,-7.57,-23.6,-19.47,-31.26,7.54,-32.43
300666.SZ,江丰电子,20250924,15.89,1.17,1.85,-6.69,-4.88,-17.47,-2.08,-13.69,116.48,-17.47
300699.SZ,光威复材,20251226,33.27,8.63,23.97,12.76,19.13,4.04,19.21,-8.37,33.27,-14.2
300708.SZ,聚灿光电,20260305,-4.95,-17.41,-18.05,-27.4,-21.09,-30.43,-19.81,-27.16,0.0,-30.43
300711.SZ,广哈通信,20260112,19.43,-10.34,-2.01,-9.97,-0.89,-14.03,-9.22,-18.74,19.43,-32.88
300721.SZ,怡达股份,20260130,-0.86,-10.72,-3.31,-11.06,-4.62,-25.6,27.88,-20.35,103.88,-25.6
300726.SZ,宏达电子,20251024,8.74,1.26,2.66,-9.69,3.21,-9.71,33.61,4.61,53.02,-9.71
300737.SZ,科顺股份,20250722,-3.58,-9.88,-5.45,-9.71,-4.26,-16.01,-10.39,-14.82,39.52,-16.01
300748.SZ,金力永磁,20250711,12.14,-0.92,12.29,2.89,64.12,5.2,80.73,31.33,80.73,-0.92
300761.SZ,立华股份,20250911,3.93,-6.35,-2.8,-9.24,-7.11,-13.67,-12.88,-17.56,3.93,-19.69
300770.SZ,新媒股份,20250827,-0.59,-7.55,0.63,-5.68,1.47,-4.3,2.68,-10.05,4.36,-27.87
300775.SZ,三角防务,20251106,3.2,-8.89,-3.17,-9.87,0.85,-7.81,30.11,2.58,52.76,-19.78
300782.SZ,卓胜微,20260320,-1.33,-11.71,26.78,-2.66,56.01,10.32,38.99,19.71,56.01,-11.71
300788.SZ,中信出版,20260210,34.58,-5.45,16.66,-4.84,-3.05,-16.43,15.27,-12.22,34.58,-20.49
300820.SZ,英杰电气,20251009,-6.81,-18.31,-9.41,-17.12,-4.47,-22.53,-19.93,-24.65,16.22,-32.06
300839.SZ,博汇股份,20260303,-16.05,-23.84,-19.94,-28.49,-2.97,-19.13,16.98,-14.77,16.98,-28.49
300841.SZ,康华生物,20250711,10.29,-8.48,27.84,6.8,21.05,-2.46,14.18,1.79,27.84,-34.16
300860.SZ,锋尚文化,20250709,-4.0,-13.85,-11.64,-14.03,-6.21,-17.25,-10.51,-17.37,0.0,-31.76
300861.SZ,美畅股份,20260123,-2.95,-14.09,2.49,-4.25,-6.11,-17.82,-7.56,-20.1,13.94,-20.1
300867.SZ,圣元环保,20251114,1.54,-8.79,8.7,-6.9,-6.24,-17.45,-11.08,-16.53,8.7,-17.45
300887.SZ,谱尼测试,20260105,38.63,12.33,15.19,-2.0,4.51,-7.99,7.12,-16.41,38.63,-26.91
300913.SZ,兆龙互连,20260529,,,,,,,,,0.0,0.0
300919.SZ,中伟新材,20250904,4.52,-0.97,18.33,0.79,14.5,-1.28,19.26,-7.4,51.65,-9.12
300921.SZ,南凌科技,20260126,6.42,-2.75,19.84,-10.8,2.12,-14.01,-5.19,-15.28,19.84,-34.49
300936.SZ,中英科技,20260302,31.24,-6.4,34.78,11.9,52.44,15.36,120.0,40.64,120.0,-6.4
300957.SZ,贝泰妮,20250908,-2.06,-8.18,-9.18,-11.35,-7.26,-18.19,-14.22,-21.14,0.0,-28.79
300981.SZ,中红医疗,20260313,6.34,-16.3,-1.9,-16.74,-2.35,-15.41,-2.41,-19.85,6.34,-19.85
301028.SZ,鼎熔岩,20260508,15.04,-6.99,15.66,10.08,,,,,15.66,-6.99
301071.SZ,力量钻石,20251009,35.71,0.59,18.18,7.43,28.11,2.14,7.34,-3.8,133.26,-3.8
301080.SZ,百普赛斯,20260126,-16.11,-28.51,-26.89,-36.68,-34.46,-42.94,-27.47,-34.53,0.0,-42.94
301149.SZ,隆华新材,20260123,-7.17,-11.81,-8.04,-12.17,-6.74,-17.68,-2.54,-17.97,4.86,-17.97
301175.SZ,中科环保,20251210,0.0,-6.27,5.25,-1.69,9.83,1.36,31.86,1.02,31.86,-6.27
301176.SZ,逸豪新材,20260427,25.86,10.9,40.14,9.8,37.29,37.29,,,40.14,0.0
301188.SZ,力诺药包,20260401,22.25,3.77,39.12,21.47,140.34,27.04,,,140.34,0.0
301207.SZ,华兰疫苗,20251021,8.76,-14.11,17.07,5.26,13.93,-10.89,-7.06,-14.07,20.16,-17.9
301238.SZ,瑞泰新材,20260528,,,,,,,,,2.05,0.0
301246.SZ,宏源药业,20251013,-1.64,-6.73,17.75,0.57,26.63,-1.07,51.95,-6.16,94.46,-6.73
301248.SZ,杰创智能,20251224,16.3,-3.23,58.39,30.03,85.53,42.24,106.89,52.2,195.84,-3.23
301252.SZ,同星科技,20251230,-0.12,-5.53,-1.14,-8.89,24.03,-9.7,24.99,-0.72,34.67,-9.7
301256.SZ,华融化学,20251119,31.73,2.33,35.3,8.81,36.97,-1.09,30.71,9.68,36.97,-15.57
301262.SZ,海看股份,20251023,-8.49,-14.75,-6.58,-11.2,0.14,-17.95,-2.68,-16.95,23.7,-25.33
301269.SZ,华大九天,20251013,-0.54,-10.5,-6.74,-16.33,-17.19,-24.94,-17.74,-24.53,0.0,-40.42
301275.SZ,汉朔科技,20260114,6.07,-15.7,-15.0,-19.09,-18.77,-41.47,-41.38,-46.41,10.24,-46.41
301291.SZ,明阳电气,20260224,3.73,-7.83,16.47,-8.33,-6.03,-20.61,2.51,-15.66,16.47,-20.61
301305.SZ,朗坤科技,20251112,-6.79,-17.88,-15.43,-18.46,-3.11,-17.73,5.41,-5.37,18.27,-18.46
301330.SZ,熵基科技,20260105,23.2,4.77,5.14,-4.87,-0.88,-10.24,-1.29,-18.05,23.2,-31.42
301345.SZ,涛涛车业,20260422,1.45,-5.14,-6.79,-20.77,-20.31,-26.34,,,1.45,-26.34
301348.SZ,蓝箭电子,20260115,21.37,-2.61,-4.16,-10.44,-0.79,-14.53,-15.79,-24.93,21.37,-24.93
301373.SZ,凌玮科技,20260225,72.16,-6.6,67.76,42.34,139.97,47.99,238.45,152.3,238.45,-6.6
301382.SZ,蜂助手,20260112,2.95,-9.56,3.46,-9.81,-5.81,-18.52,-6.42,-23.7,24.96,-23.7
301439.SZ,泓淋电力,20260122,-4.13,-8.59,-1.92,-7.46,4.07,-13.79,-7.97,-14.3,10.63,-14.3
301458.SZ,钧崴电子,20260421,2.27,-7.25,7.37,-3.27,13.62,8.02,,,13.62,-7.25
301479.SZ,弘景光电,20260408,10.74,-5.77,32.05,5.95,22.67,-31.62,,,32.05,-31.62
301500.SZ,飞南资源,20260128,-2.04,-9.47,27.9,-9.1,19.52,-11.94,44.91,-5.92,49.79,-11.94
301507.SZ,民生健康,20251113,7.62,-5.69,0.12,-10.41,-1.15,-12.89,2.24,-7.92,7.62,-22.38
301510.SZ,固高科技,20251204,-2.41,-17.13,-4.14,-16.78,-1.7,-9.73,-1.38,-17.77,2.69,-27.08
301526.SZ,国际复材,20250704,32.85,15.46,21.74,15.7,90.1,16.18,84.06,50.0,498.55,0.0
301536.SZ,星宸科技,20260116,4.25,-4.79,3.46,-5.18,19.44,-0.31,16.0,-4.43,33.87,-5.18
301548.SZ,崇德科技,20251106,-5.75,-13.65,-18.98,-20.93,-8.96,-19.06,32.46,-8.59,55.67,-20.93
301589.SZ,诺瓦星云,20260105,12.3,0.55,2.07,-5.87,-0.47,-10.19,-4.36,-16.7,12.3,-16.7
301592.SZ,六九一二,20250722,10.92,-0.17,9.18,-0.21,3.91,-15.62,-14.37,-22.67,10.92,-33.35
301603.SZ,乔锋智能,20260416,24.71,11.34,56.73,29.21,56.01,37.73,,,56.73,0.0
301606.SZ,绿联科技,20260309,4.85,-15.88,-10.42,-16.31,-4.8,-10.98,1.98,-16.95,6.55,-16.95
301629.SZ,矽电股份,20250923,6.27,-14.32,-3.13,-16.71,-6.18,-16.32,4.94,-10.05,89.28,-16.71
301631.SZ,壹连科技,20260422,8.99,-5.66,20.8,12.55,15.73,8.82,,,20.8,-5.66
600010.SH,包钢股份,20250711,20.57,-4.31,39.71,20.1,43.06,16.75,33.49,9.09,58.85,-4.31
600011.SH,华能国际,20250730,-0.26,-4.33,-2.23,-4.99,1.84,-5.12,9.97,-7.35,16.4,-11.81
600021.SH,上海电力,20250815,30.19,11.31,96.43,43.2,113.61,59.86,156.72,100.34,156.72,0.0
600023.SH,浙能电力,20260519,-3.43,-14.78,,,,,,,0.0,-14.78
600026.SH,中远海能,20250908,4.76,-2.13,4.76,-3.77,10.99,-0.9,9.52,-6.97,113.86,-7.79
600028.SH,中国石化,20260302,4.08,-10.97,-11.67,-17.3,-16.32,-24.89,-23.77,-32.35,9.99,-32.35
600031.SH,三一重工,20250722,-4.1,-7.45,-0.85,-5.66,1.93,-4.48,11.07,-2.03,13.01,-15.65
600033.SH,福建高速,20251202,13.65,-6.12,6.35,-4.47,-2.82,-11.53,-8.24,-12.47,13.65,-17.88
600056.SH,中国医药,20250918,-0.17,-7.63,-6.22,-9.21,-2.66,-11.2,-9.29,-13.86,0.0,-19.25
600059.SH,古越龙山,20260129,-5.33,-8.63,-7.25,-14.42,-13.22,-20.66,-16.71,-20.39,0.0,-25.62
600066.SH,宇通客车,20260331,6.66,1.37,3.1,-0.64,0.5,-12.02,,,6.66,-12.02
600075.SH,新疆天业,20260120,3.35,-8.63,6.71,-5.91,24.6,1.92,19.33,-2.24,24.6,-19.81
600088.SH,中视传媒,20260210,-9.65,-24.89,-22.89,-24.69,-26.14,-32.18,-6.8,-31.43,0.0,-32.18
600089.SH,特变电工,20250722,-0.35,-7.69,-3.81,-7.48,4.5,-6.72,39.06,9.21,127.01,-7.69
600100.SH,同方股份,20251030,3.6,-0.23,6.03,-3.48,6.5,-5.45,14.62,1.16,14.62,-10.44
600103.SH,青山纸业,20250902,66.3,-9.78,75.72,28.99,44.2,21.38,55.43,22.83,99.28,-9.78
600104.SH,上汽集团,20250820,3.69,-5.1,-3.94,-6.31,-2.78,-17.42,-15.4,-24.14,3.69,-39.19
600108.SH,亚盛集团,20260227,75.31,21.16,55.16,19.65,23.43,6.55,11.34,-12.09,75.31,-12.59
600111.SH,北方稀土,20250710,41.21,7.37,48.32,33.28,110.33,38.73,98.41,70.42,131.03,0.0
600118.SH,中国卫星,20250825,19.04,-1.47,14.62,5.08,21.32,3.69,37.39,19.67,264.92,-1.47
600126.SH,杭钢股份,20260422,2.14,-14.81,-7.89,-20.66,-21.35,-23.68,,,2.14,-23.68
600131.SH,国网信通,20260306,7.79,-7.24,-4.68,-16.93,-13.4,-22.03,-12.38,-20.69,7.79,-22.03
600133.SH,东湖高新,20251009,6.68,-3.73,-0.79,-5.6,-4.22,-13.65,-8.64,-12.57,8.84,-18.37
600150.SH,中国船舶,20250806,1.25,-4.65,2.47,-5.12,0.0,-10.23,-4.62,-10.52,8.47,-20.77
600157.SH,永泰能源,20250918,0.58,-5.85,1.75,-4.68,4.68,-8.19,-2.92,-8.77,18.71,-8.77
600158.SH,中体产业,20250908,-3.27,-9.31,-9.11,-10.89,-5.25,-8.91,-9.8,-16.24,44.36,-16.44
600166.SH,福田汽车,20260413,1.91,-7.9,0.82,-3.81,-7.08,-20.16,,,1.91,-20.16
600170.SH,上海建工,20250915,32.88,1.37,5.82,-2.74,3.77,-4.11,-2.74,-10.62,32.88,-15.07
600172.SH,黄河旋风,20250811,5.14,-2.77,-2.77,-11.26,19.96,-9.09,52.77,14.62,188.54,-11.26
600186.SH,莲花控股,20260211,-2.41,-16.14,7.24,-9.05,22.78,-7.24,74.36,18.7,98.94,-16.14
600198.SH,大唐电信,20260107,12.94,-8.1,-1.21,-12.76,-7.82,-17.13,-17.6,-27.09,12.94,-27.09
600201.SH,生物股份,20250716,3.93,-1.62,1.62,-1.62,6.12,-6.35,27.37,-4.97,116.86,-6.35
600206.SH,有研新材,20260225,4.05,-8.05,-9.46,-23.48,7.37,-19.67,31.69,6.65,31.69,-23.48
600210.SH,紫江企业,20250901,2.46,-6.22,-2.46,-7.38,3.63,-6.48,3.63,-7.77,5.83,-15.28
600211.SH,西藏药业,20250804,4.01,-10.02,5.72,-3.01,22.17,-0.84,6.56,-2.97,22.17,-18.23
600219.SH,南山铝业,20251029,16.63,0.88,17.07,3.28,16.63,0.66,48.36,9.63,78.56,0.0
600226.SH,亨通股份,20250818,19.69,-0.31,19.37,9.06,53.75,27.19,45.62,27.5,110.31,-0.94
600236.SH,桂冠电力,20250709,-8.88,-12.38,-11.98,-14.54,-12.65,-14.94,-9.69,-16.29,61.1,-16.29
600237.SH,铜峰电子,20251212,6.56,-2.34,7.12,-0.33,20.8,4.78,24.03,4.0,24.03,-10.01
600256.SH,广汇能源,20260302,17.93,3.4,10.05,4.95,8.04,-7.26,4.33,-7.73,17.93,-7.73
600258.SH,首旅酒店,20251110,-0.43,-5.08,-0.56,-5.39,6.07,-6.38,11.21,3.53,11.21,-20.43
600266.SH,城建发展,20260105,28.14,11.83,18.64,-2.33,7.89,-6.27,-2.69,-13.8,28.14,-15.95
600267.SH,海正药业,20250704,18.87,3.29,17.37,6.48,8.45,1.41,2.54,-3.76,18.87,-10.8
600271.SH,航天信息,20251215,10.23,1.03,41.12,17.98,20.76,2.07,4.55,-5.27,41.12,-23.76
600273.SH,嘉化能源,20260106,13.76,-3.34,26.8,12.2,24.71,10.32,9.91,-9.91,26.8,-23.98
600284.SH,浦东建设,20250822,13.51,2.37,17.18,2.49,22.04,-3.79,0.0,-14.22,22.04,-29.03
600292.SH,电投水电,20251107,-11.33,-25.33,-23.67,-25.03,-21.0,-27.05,-16.96,-22.54,0.0,-27.05
600307.SH,酒钢宏兴,20260313,9.01,-6.76,-4.5,-17.12,-17.57,-23.42,-23.87,-28.83,9.01,-28.83
600308.SH,华泰股份,20251104,-3.11,-8.22,-10.0,-14.67,-9.11,-17.11,-7.33,-14.67,0.0,-22.22
600310.SH,广西能源,20260320,35.25,-5.12,-4.1,-10.66,15.16,-2.05,22.54,4.51,35.25,-10.66
600313.SH,农发种业,20260128,16.95,-1.85,22.38,-4.5,20.26,-2.25,1.72,-6.75,22.38,-20.4
600316.SH,洪都航空,20250718,11.62,4.41,13.38,3.81,8.39,-12.32,-4.01,-14.35,14.98,-26.93
600328.SH,中盐化工,20260311,5.43,-3.92,-2.62,-16.5,-10.26,-20.02,-18.51,-31.89,5.43,-31.89
600336.SH,澳柯玛,20251217,-4.08,-14.24,-12.57,-17.8,-7.54,-20.52,-14.35,-31.2,0.0,-31.2
600338.SH,西藏珠峰,20250722,-0.77,-9.97,-6.8,-11.36,5.18,-7.26,9.58,-5.18,113.37,-11.36
600339.SH,中油工程,20260129,-5.81,-10.7,21.86,-10.47,10.93,-7.67,10.0,-11.16,21.86,-18.14
600346.SH,恒力石化,20250820,7.58,3.64,7.27,2.3,6.85,-1.39,23.58,2.24,62.06,-1.39
600352.SH,浙江龙盛,20260121,19.92,1.71,29.53,9.15,29.69,-2.02,8.84,-1.09,29.69,-13.02
600361.SH,创新新材,20250820,0.64,-7.42,-4.45,-7.84,-7.2,-12.71,-0.85,-8.9,7.84,-15.68
600362.SH,江西铜业,20250825,10.12,-3.3,15.16,6.04,56.1,5.45,60.73,32.26,161.29,-3.3
600363.SH,联创光电,20251013,-6.89,-11.8,-5.06,-15.65,-13.26,-23.68,1.1,-19.4,10.69,-48.7
600372.SH,中航机载,20260108,7.4,-6.75,6.94,-2.73,5.97,-7.85,-8.57,-18.56,7.4,-27.71
600380.SH,健康元,20250901,-0.37,-4.9,-4.98,-10.4,-8.13,-13.18,-7.03,-12.45,0.0,-27.53
600391.SH,航发科技,20251225,24.42,-7.64,46.91,4.6,53.94,28.4,38.69,2.41,53.94,-7.64
600399.SH,抚顺特钢,20260112,-0.28,-9.92,-1.13,-10.06,11.05,-10.62,-7.37,-19.26,11.05,-32.01
600409.SH,三友化工,20251113,2.57,-12.56,-4.84,-12.25,0.61,-12.71,24.05,1.21,38.73,-12.71
600425.SH,青松建化,20250721,5.54,-3.86,16.87,-3.86,18.55,3.86,18.55,2.41,20.24,-11.08
600428.SH,中远海特,20260303,-8.71,-15.05,-1.51,-14.95,3.23,-7.74,-7.96,-18.92,3.23,-18.92
600433.SH,冠豪高新,20260427,16.82,0.0,5.0,-3.41,-6.59,-6.59,,,16.82,-6.59
600489.SH,中金黄金,20250901,9.85,0.11,20.2,2.73,45.13,17.81,30.17,18.67,133.35,0.0
600502.SH,安徽建工,20260331,4.09,-6.57,7.1,-4.26,-1.78,-11.9,,,7.1,-11.9
600509.SH,天富能源,20260514,-4.74,-12.29,-5.71,-5.71,,,,,0.0,-12.29
600515.SH,海南机场,20250724,0.0,-7.0,-4.59,-8.45,-1.69,-9.18,16.67,-4.11,35.75,-23.67
600516.SH,方大炭素,20250908,-3.44,-7.41,-0.54,-8.68,21.52,-7.05,25.14,7.05,28.57,-9.04
600517.SH,国网英大,20251029,11.75,2.38,5.4,-6.67,-3.97,-6.83,11.75,-4.6,20.16,-14.44
600528.SH,中铁工业,20260331,-5.56,-13.2,-13.3,-15.7,-12.98,-19.63,,,0.0,-19.63
600545.SH,卓郎智能,20260212,26.52,-6.4,41.16,15.55,33.54,7.93,101.52,29.88,140.24,-10.06
600550.SH,保变电气,20251105,25.13,4.34,2.12,-7.16,17.05,-8.17,63.98,9.49,92.03,-8.17
600552.SH,凯盛科技,20260112,1.31,-9.22,2.29,-6.93,-1.7,-15.42,-11.83,-24.12,30.92,-24.12
600556.SH,天下秀,20250925,5.71,-1.25,10.89,-0.89,31.25,8.57,19.46,-1.61,66.61,-7.86
600578.SH,京能电力,20251223,5.26,-0.58,10.14,4.68,7.41,-0.97,14.81,-0.58,89.08,-5.26
600583.SH,海油工程,20260211,21.62,-4.32,5.3,-5.16,1.26,-10.18,-1.12,-13.67,21.62,-21.76
600585.SH,海螺水泥,20250722,-7.1,-13.95,-10.16,-13.99,-8.98,-13.4,-9.86,-15.42,0.0,-28.67
600586.SH,金晶科技,20251107,6.11,-11.91,-11.76,-15.11,-3.36,-15.88,2.44,-13.13,13.74,-20.76
600596.SH,新安股份,20250721,7.43,-0.2,3.97,-1.63,16.79,4.58,10.99,0.2,39.17,-1.93
600606.SH,绿地控股,20250714,-10.48,-14.85,-11.35,-17.9,-11.35,-20.52,-10.48,-20.96,0.0,-42.36
600637.SH,东方明珠,20250822,-2.35,-10.67,-5.76,-8.96,10.03,-8.64,13.87,-3.2,64.25,-10.67
600645.SH,中源协和,20260306,3.85,-4.24,6.6,-8.03,-6.54,-19.51,-18.58,-35.7,6.6,-35.7
600649.SH,城投控股,20260129,0.53,-8.56,0.36,-15.33,-10.87,-24.06,-21.21,-25.85,0.53,-32.09
600662.SH,外服控股,20260115,-9.3,-15.7,-10.17,-14.39,-14.39,-23.84,-24.13,-28.92,0.0,-35.17
600664.SH,哈药股份,20260414,8.91,-9.16,-0.74,-11.39,-12.13,-19.06,,,9.9,-19.06
600667.SH,太极实业,20251009,-0.45,-12.18,10.39,-3.13,10.95,-14.86,-6.82,-16.87,55.53,-16.87
600681.SH,百川能源,20251020,12.91,-7.66,19.91,-0.88,5.91,-12.04,-4.38,-13.57,19.91,-19.26
600682.SH,南京新百,20250724,-6.5,-10.59,6.14,-11.07,6.26,-7.46,-7.46,-12.88,11.43,-33.45
600685.SH,中船防务,20251124,-8.23,-12.92,-7.96,-17.95,-2.09,-16.8,13.38,-6.63,13.38,-17.95
600688.SH,上海石化,20260302,3.15,-6.59,-8.88,-17.77,-14.04,-20.63,-10.32,-22.06,10.03,-22.06
600693.SH,东百集团,20251105,65.96,-3.12,56.03,18.87,210.35,31.35,198.01,101.7,210.35,-4.68
600702.SH,舍得酒业,20250820,10.61,-2.85,9.33,4.91,4.47,-7.18,7.35,-5.95,10.61,-35.55
600703.SH,三安光电,20250820,8.8,-1.04,5.54,-4.37,12.54,-3.33,2.22,-8.8,29.87,-21.0
600704.SH,物产中大,20250826,-5.36,-11.67,-4.57,-8.2,-2.68,-9.94,-7.73,-15.62,0.0,-23.19
600707.SH,彩虹股份,20260106,-1.84,-4.68,0.71,-8.37,-0.71,-10.5,-8.51,-22.27,69.22,-22.27
600713.SH,南京医药,20260410,5.79,-8.6,-10.08,-12.73,-12.89,-18.51,,,5.79,-18.51
600715.SH,文投控股,20250825,27.67,2.37,23.32,7.51,7.91,-2.37,5.14,-3.56,27.67,-24.9
600726.SH,华电能源,20250707,0.72,-6.81,-2.15,-9.32,-5.73,-11.11,-5.73,-13.98,263.08,-14.34
600736.SH,苏州高新,20251226,16.64,2.12,19.21,3.18,10.74,-4.08,-0.76,-12.1,50.68,-12.1
600737.SH,中粮糖业,20250812,46.87,11.19,58.33,42.47,51.01,40.0,70.75,25.99,70.84,0.0
600740.SH,山西焦化,20251023,-2.83,-6.97,0.0,-9.15,-11.33,-18.3,-11.33,-18.08,12.64,-19.17
600754.SH,锦江酒店,20251110,4.28,-0.91,5.87,0.24,2.54,-5.59,9.48,1.79,15.83,-21.5
600755.SH,厦门国贸,20251225,-1.01,-11.35,-10.34,-13.37,-11.85,-17.4,-16.02,-24.72,9.96,-26.1
600756.SH,浪潮软件,20251105,22.46,-8.02,25.08,6.37,0.62,-11.51,7.97,-9.56,25.08,-27.75
600758.SH,辽宁能源,20251020,3.28,-10.7,-0.66,-7.64,-6.55,-17.25,-15.07,-20.52,34.06,-20.52
600769.SH,祥龙电业,20250926,6.67,-5.56,11.11,-0.74,3.93,-6.81,-3.11,-12.3,90.07,-12.3
600770.SH,综艺股份,20260122,3.68,-6.47,3.97,-3.38,-5.44,-22.94,2.5,-21.47,23.24,-22.94
600776.SH,东方通信,20250911,2.58,-6.74,-6.67,-14.2,-2.3,-12.63,15.42,-10.98,87.23,-14.2
600780.SH,通宝能源,20260325,4.04,-17.71,-5.21,-16.67,-2.08,-11.2,0.52,-5.6,9.77,-17.71
600783.SH,鲁信创投,20250929,10.79,-5.21,10.21,2.5,9.79,-2.36,65.79,5.0,181.71,-5.21
600803.SH,新奥股份,20260303,-5.28,-12.27,-1.75,-9.98,-5.74,-13.89,-12.35,-19.83,0.0,-19.83
600808.SH,马钢股份,20250805,11.59,2.7,3.23,-3.77,7.82,-5.12,12.94,5.39,19.68,-20.49
600816.SH,建元信托,20250916,10.84,-5.88,-4.33,-9.29,-3.72,-8.98,-8.05,-12.07,10.84,-22.6
600820.SH,隧道股份,20250722,-2.69,-11.04,-9.56,-13.86,-9.56,-14.4,-5.79,-14.13,0.0,-25.03
600821.SH,金开新能,20260224,43.75,0.0,65.33,44.35,67.41,17.86,42.56,16.07,67.41,-2.68
600829.SH,人民同泰,20250721,-6.99,-18.5,-17.22,-20.28,-15.26,-19.49,-18.01,-22.93,74.41,-22.93
600843.SH,上工申贝,20251014,-4.15,-12.6,-10.56,-14.42,-14.13,-22.07,-8.67,-17.77,0.0,-43.92
600848.SH,上海临港,20250924,16.89,3.47,11.44,5.91,26.17,6.0,12.2,4.69,26.17,-18.39
600860.SH,京城股份,20260304,6.8,-11.04,-14.34,-25.05,-19.73,-28.69,-25.99,-37.91,6.8,-37.91
600863.SH,华能蒙电,20260525,23.1,11.97,,,,,,,23.1,0.0
600864.SH,哈投股份,20250711,3.23,-4.4,2.49,-2.79,20.82,2.49,12.17,4.11,20.82,-19.35
600868.SH,梅雁吉祥,20251014,-3.3,-12.91,1.5,-13.81,18.32,-16.52,18.32,0.3,55.56,-16.52
600871.SH,石化油服,20251021,6.96,-2.61,14.35,0.43,8.7,-8.7,6.09,-8.26,85.65,-8.7
600872.SH,中炬高新,20260420,-0.61,-3.35,-2.28,-7.69,-8.57,-11.5,,,1.21,-11.5
600873.SH,梅花生物,20260311,1.66,-12.68,-7.45,-12.84,-12.6,-25.83,-20.05,-28.13,1.66,-28.13
600877.SH,电科芯片,20250811,4.66,-0.57,8.6,-4.01,5.37,-1.79,4.51,-5.73,79.44,-5.73
600879.SH,航天电子,20250804,8.25,1.58,11.68,1.11,4.73,-5.56,9.55,-0.09,192.49,-5.56
600880.SH,博瑞传播,20260109,9.27,-11.28,-4.79,-8.66,-1.85,-20.87,-19.47,-28.9,10.05,-33.08
600888.SH,新疆众和,20260312,-7.19,-21.98,-15.68,-21.98,-10.69,-16.08,20.38,-17.58,20.38,-21.98
600895.SH,张江高科,20250725,20.31,3.83,17.23,9.68,26.49,7.55,79.69,37.21,79.69,0.0
600897.SH,厦门空港,20251209,-9.47,-18.16,-11.97,-17.35,-7.3,-19.27,-13.02,-21.53,0.0,-32.05
600903.SH,贵州燃气,20260303,-9.09,-12.08,-10.26,-17.14,-15.06,-19.22,35.32,-17.66,35.32,-19.22
600909.SH,华安证券,20251029,-2.61,-5.08,-1.02,-9.0,-3.05,-8.71,10.3,-3.19,11.9,-21.04
600916.SH,中国黄金,20260123,59.22,20.93,33.41,17.03,22.56,-3.36,3.58,-5.86,59.22,-13.99
600917.SH,重庆燃气,20260303,-9.81,-11.68,-11.53,-15.73,-14.64,-18.38,-12.46,-20.72,0.0,-20.72
600927.SH,永安期货,20250708,1.63,-7.68,-5.01,-11.41,-6.0,-12.69,-10.48,-15.42,5.65,-21.94
600936.SH,北投科技,20251212,9.49,-6.33,18.98,2.68,11.44,2.19,9.49,-6.33,48.91,-10.71
600955.SH,维远股份,20260119,12.13,1.39,13.51,0.8,11.59,-19.34,2.94,-17.79,13.51,-19.34
600956.SH,新天绿能,20260303,23.22,-6.55,20.11,-1.72,5.63,-8.05,6.67,-5.75,23.22,-8.05
600959.SH,江苏有线,20260123,9.09,-1.72,14.0,-0.98,1.23,-9.58,2.7,-6.14,14.0,-13.27
600962.SH,国投中鲁,20260112,-2.06,-7.21,-4.09,-11.01,-10.28,-18.66,-17.57,-26.64,11.94,-26.64
600963.SH,岳阳林纸,20260130,7.14,0.0,14.46,3.31,4.36,-20.21,-13.41,-21.95,14.46,-29.27
600968.SH,海油发展,20260129,-8.38,-14.72,15.13,-11.66,3.07,-9.0,-6.75,-15.13,15.13,-19.84
600973.SH,宝胜股份,20251208,5.25,-1.54,20.52,0.62,40.43,8.18,19.14,8.95,40.43,-5.56
600981.SH,苏豪汇鸿,20251201,12.98,-0.59,-1.18,-5.31,0.88,-7.37,2.95,-9.14,12.98,-27.14
600982.SH,宁波能源,20260323,28.95,-8.95,9.47,-7.72,28.77,3.86,15.79,4.04,28.95,-8.95
600984.SH,建设机械,20251022,-12.83,-16.74,-8.48,-14.35,4.13,-9.35,-5.0,-13.48,13.04,-19.78
600996.SH,贵广网络,20250922,1.11,-7.08,-0.91,-5.76,17.29,-6.67,27.4,2.63,27.4,-21.23
601001.SH,晋控煤业,20250722,7.61,-8.8,1.26,-5.45,-1.61,-12.22,13.69,-5.38,34.99,-12.22
601002.SH,晋亿实业,20260331,1.99,-14.76,10.78,0.17,3.32,-16.75,,,10.78,-16.75
601005.SH,重庆钢铁,20250721,4.46,-2.55,-0.64,-5.1,-1.91,-8.92,0.64,-7.64,5.1,-17.83
601016.SH,节能风电,20260311,34.0,2.73,31.76,-5.46,27.05,-1.49,39.7,11.66,39.7,-5.46
601022.SH,宁波远洋,20260303,-10.59,-17.17,-16.81,-23.58,-18.59,-23.04,-20.11,-27.22,0.0,-27.22
601059.SH,信达证券,20250822,1.42,-5.83,1.67,-5.78,3.09,-6.85,3.14,-10.75,3.14,-17.55
601061.SH,中信金属,20251009,11.59,-1.26,45.31,11.59,65.7,36.71,45.8,31.5,65.7,-1.26
601083.SH,锦江航运,20260303,-10.05,-12.38,-9.61,-16.97,-3.86,-10.05,-8.96,-17.41,0.0,-17.41
601096.SH,宏盛华源,20260116,13.87,5.59,28.16,14.29,46.17,16.98,21.95,12.84,46.17,0.0
601101.SH,昊华能源,20260423,25.96,5.66,20.62,8.97,28.85,14.53,,,28.85,0.0
601106.SH,中国一重,20251208,11.97,-7.45,18.88,6.12,75.53,30.85,37.5,25.0,75.53,-7.45
601116.SH,三江购物,20250909,35.54,4.4,19.15,3.35,13.26,-6.26,30.33,6.63,61.92,-11.92
601117.SH,中国化学,20260120,2.73,-5.69,0.57,-5.46,15.36,-1.71,4.78,-2.96,15.36,-12.4
601118.SH,海南橡胶,20250724,-7.64,-10.91,-6.0,-10.55,0.18,-6.91,1.82,-6.18,51.64,-10.91
601121.SH,宝地矿业,20251110,-3.43,-14.44,-5.75,-13.22,-6.12,-15.67,8.69,-7.1,9.06,-20.69
601126.SH,四方股份,20251010,21.54,0.44,44.54,18.92,36.46,9.15,46.76,27.31,284.01,0.0
601139.SH,深圳燃气,20260303,-0.51,-10.93,0.13,-10.29,-7.88,-13.6,-11.94,-18.55,0.13,-18.55
601155.SH,新城控股,20260129,1.29,-8.07,-2.97,-11.82,-12.21,-23.53,-14.34,-23.25,1.29,-29.58
601179.SH,中国西电,20251027,38.41,2.86,37.11,3.65,25.0,5.73,108.85,18.49,162.63,-3.52
601222.SH,林洋能源,20260519,-3.51,-7.6,,,,,,,0.0,-7.6
601228.SH,广州港,20260112,5.34,-2.53,1.12,-3.65,1.69,-4.78,-1.4,-8.71,5.34,-14.33
601238.SH,广汽集团,20251124,10.65,-1.08,2.03,-2.27,2.39,-2.87,-0.12,-6.82,10.65,-27.39
601326.SH,秦港股份,20251023,1.02,-8.18,-2.81,-7.42,-7.93,-11.51,-8.44,-11.76,1.02,-16.62
601330.SH,绿色动力,20260312,21.39,-2.28,5.21,-14.55,-0.22,-14.98,8.58,-6.51,21.39,-14.98
601333.SH,广深铁路,20250829,9.97,3.12,6.85,2.8,6.54,-4.67,-3.12,-7.17,9.97,-9.03
601336.SH,新华保险,20260105,10.0,5.51,12.03,1.15,7.47,-5.64,-4.44,-21.82,12.03,-23.05
601360.SH,三六零,20251031,9.61,2.67,17.21,5.35,10.78,-12.87,15.29,-10.69,17.21,-15.62
601375.SH,中原证券,20250711,-0.86,-6.45,-1.94,-5.81,3.44,-3.87,3.44,-4.95,3.44,-16.13
601388.SH,怡球资源,20250917,-7.06,-14.42,-6.44,-11.35,3.99,-8.59,-6.13,-14.72,41.41,-14.72
601390.SH,中国中铁,20260224,4.13,-4.96,-1.82,-11.74,-9.26,-14.05,-13.39,-21.82,4.13,-22.81
601399.SH,国机重装,20250721,21.01,-2.07,0.89,-2.37,0.89,-3.55,7.99,-2.96,89.64,-4.44
601566.SH,九牧王,20251113,60.93,12.59,30.24,16.87,48.43,14.6,14.51,5.07,60.93,-11.98
601567.SH,三星电气,20260309,0.12,-14.9,-11.56,-25.07,-18.86,-39.07,-38.92,-49.46,1.58,-49.46
601595.SH,上海电影,20260210,-9.14,-26.83,-25.71,-28.2,-29.29,-36.86,-28.59,-37.9,0.0,-40.78
601611.SH,中国核建,20251010,24.09,-0.84,37.82,21.1,30.16,4.58,30.63,9.9,86.18,-0.84
601618.SH,中国中冶,20250930,5.19,-4.68,-0.78,-9.61,-8.83,-17.66,-11.95,-24.42,7.53,-27.79
601666.SH,平煤股份,20251020,-2.63,-6.81,-3.84,-8.23,-9.88,-15.04,-6.15,-13.61,0.88,-20.97
601669.SH,中国电建,20250721,33.27,15.56,15.38,10.2,13.06,1.25,4.83,-1.43,33.27,-7.69
601677.SH,明泰铝业,20260120,9.2,-3.07,0.18,-4.45,3.97,-15.51,11.0,-11.61,17.98,-15.51
601696.SH,中银证券,20250710,24.81,4.81,51.05,22.87,53.42,25.91,31.14,18.57,53.42,-3.8
601698.SH,中国卫通,20250829,-8.89,-17.04,-14.82,-18.85,-11.82,-19.25,-11.26,-20.24,112.96,-20.24
601777.SH,千里科技,20260513,2.3,-5.93,-7.41,-11.19,,,,,3.21,-11.19
601788.SH,光大证券,20250822,-2.02,-7.94,-5.92,-11.55,-7.94,-12.13,-7.56,-16.03,0.0,-32.15
601789.SH,宁波建工,20250925,-4.28,-12.03,-8.57,-11.04,-4.28,-14.5,-13.84,-19.6,23.23,-19.6
601799.SH,星宇股份,20260203,7.04,1.51,7.15,-4.41,-3.54,-16.87,-3.32,-15.17,7.15,-16.87
601800.SH,中国交建,20250722,-5.61,-10.94,-9.0,-11.13,-6.78,-14.52,-13.17,-16.26,0.0,-39.3
601808.SH,中海油服,20260224,18.99,-2.93,4.32,-6.04,-3.91,-14.1,-12.31,-22.27,18.99,-25.03
601858.SH,中国科传,20260114,-10.59,-15.32,-8.05,-16.4,0.87,-20.8,4.73,-11.62,22.04,-20.8
601866.SH,中远海发,20260303,-10.77,-13.23,-13.23,-20.31,-5.85,-18.77,-15.69,-22.46,0.0,-22.46
601868.SH,中国能建,20250721,18.04,0.39,0.78,-3.14,0.78,-6.27,-0.78,-5.88,49.02,-9.02
601872.SH,招商轮船,20250908,12.97,1.89,14.61,4.91,18.89,4.03,21.66,3.65,156.8,0.0
601877.SH,正泰电器,20250828,4.02,-2.62,3.84,-1.58,15.43,2.8,26.27,-2.98,47.74,-2.98
601888.SH,中国中免,20250724,-6.31,-8.82,-5.24,-9.05,1.19,-4.79,4.42,-3.91,37.07,-22.7
601890.SH,亚星锚链,20260213,10.49,-1.13,-1.45,-20.18,-12.91,-20.02,-11.3,-21.87,10.49,-27.2
601898.SH,中煤能源,20250722,-0.8,-6.85,-0.56,-4.78,-2.39,-11.87,9.08,-10.04,54.26,-11.87
601908.SH,京运通,20260326,-0.4,-17.5,-8.95,-16.5,-9.74,-27.63,-26.04,-27.04,0.0,-27.63
601919.SH,中远海控,20260303,-4.89,-9.25,-4.54,-11.55,-10.43,-16.32,-13.55,-17.5,0.0,-17.5
601958.SH,金钼股份,20250724,1.76,-4.51,6.12,-0.84,33.56,9.25,25.0,9.25,105.28,-4.51
601975.SH,招商南油,20260224,34.19,3.34,28.53,11.57,34.45,10.54,49.1,9.77,49.1,0.0
601991.SH,大唐发电,20260312,-2.62,-12.01,-2.18,-19.0,60.92,-16.38,88.43,50.44,88.43,-19.0
603000.SH,人民网,20260112,33.12,1.51,8.77,-0.35,13.43,-12.82,-10.32,-18.83,33.12,-24.31
603018.SH,华设集团,20250722,-6.67,-11.22,-11.22,-14.18,-11.32,-19.26,-14.6,-19.89,0.0,-25.61
603019.SH,中科曙光,20250822,11.69,-4.04,34.59,-2.04,51.52,26.46,38.23,15.42,51.52,-5.96
603025.SH,大豪科技,20250818,-1.8,-6.51,-1.63,-8.26,2.91,-7.85,19.53,-2.38,19.53,-20.81
603031.SH,安孚科技,20250813,23.97,9.76,21.55,7.62,38.35,15.95,31.86,10.59,83.96,0.0
603063.SH,禾望电气,20260415,11.36,6.84,62.66,15.38,65.26,46.36,,,65.26,-2.87
603077.SH,和邦生物,20251009,-0.87,-7.42,-1.75,-8.3,6.55,-7.86,3.06,-6.11,45.41,-8.3
603082.SH,北自科技,20260515,20.99,-15.7,,,,,,,20.99,-15.7
603093.SH,南华期货,20260513,0.51,-10.62,-6.54,-12.23,,,,,9.98,-12.23
603098.SH,森特股份,20250814,27.96,-2.05,29.86,4.66,26.38,10.58,19.67,10.19,46.05,-2.45
603100.SH,川仪股份,20251114,6.14,-2.89,-5.47,-12.51,6.53,-10.89,1.58,-3.6,6.53,-26.34
603118.SH,共进股份,20260417,-0.13,-7.91,16.6,0.99,-6.32,-15.74,,,16.6,-15.74
603122.SH,合富中国,20251030,148.31,21.01,194.16,131.57,237.19,158.43,174.16,99.66,237.19,0.0
603138.SH,海量数据,20260123,3.57,-7.69,29.6,-0.5,34.34,1.56,19.79,0.89,34.34,-10.37
603158.SH,腾龙股份,20260311,4.49,-11.35,7.43,-8.9,29.63,4.0,28.98,12.65,29.63,-11.35
603162.SH,海通发展,20251017,6.51,-5.26,10.7,-2.41,22.1,-3.74,15.86,4.99,71.66,-5.26
603169.SH,兰石重装,20251104,11.2,-7.31,8.63,-10.72,1.33,-12.62,27.42,-1.9,27.42,-25.52
603178.SH,圣龙股份,20251024,-6.25,-12.24,-10.53,-21.33,-18.79,-21.85,-15.6,-20.54,3.85,-35.97
603179.SH,新泉股份,20250902,45.31,6.6,50.57,31.94,52.88,19.63,46.03,9.56,87.44,-5.86
603181.SH,皇马科技,20250805,5.45,0.93,26.0,0.4,25.47,6.18,36.5,12.5,36.5,-8.91
603195.SH,公牛集团,20260430,-0.11,-4.59,-1.83,-7.29,,,,,0.0,-7.29
603218.SH,日月股份,20250926,4.31,-6.11,3.06,-5.21,1.6,-11.32,-7.29,-12.29,15.62,-18.13
603220.SH,中贝通信,20260226,8.86,-6.38,1.7,-11.07,26.31,-8.86,23.06,-8.97,26.31,-13.87
603222.SH,济民健康,20250814,46.42,12.72,73.58,29.26,71.85,23.09,46.3,20.25,73.58,0.0
603223.SH,恒通股份,20251204,-0.96,-19.21,-15.46,-18.78,-7.86,-19.13,-6.46,-18.25,1.14,-27.95
603259.SH,药明康德,20260428,0.64,-6.84,-5.73,-8.84,,,,,0.64,-8.84
603278.SH,大业股份,20251226,38.44,21.02,12.19,-2.66,0.63,-9.77,-7.11,-19.53,38.44,-19.53
603290.SH,斯达半导,20250828,1.55,-7.06,4.59,-2.67,7.55,-4.48,-4.56,-13.95,32.36,-13.95
603316.SH,诚邦股份,20260507,44.41,-2.07,42.55,6.94,,,,,44.41,-2.07
603318.SH,水发燃气,20260302,20.98,-3.63,-4.08,-10.54,56.24,-16.1,64.97,0.91,64.97,-16.1
603363.SH,傲农生物,20250827,13.57,0.0,32.17,8.32,20.79,5.03,26.91,5.91,32.17,-30.63
603367.SH,辰欣药业,20250721,78.48,13.14,88.02,66.61,88.85,17.03,29.06,10.04,88.85,-23.96
603381.SH,永臻股份,20250829,-3.75,-10.28,0.75,-5.93,-5.14,-16.64,-12.89,-19.05,23.48,-22.53
603390.SH,通达电气,20260424,-2.81,-8.56,2.4,-8.01,-8.49,-13.7,,,2.4,-13.7
603393.SH,新天然气,20260302,14.22,1.07,13.39,0.91,-3.98,-13.02,-9.12,-29.06,14.22,-29.06
603466.SH,风语筑,20260213,11.04,-10.45,-7.28,-24.23,-13.87,-23.03,-4.28,-17.98,11.04,-24.23
603528.SH,多伦科技,20251216,3.17,-3.84,9.32,-7.11,3.84,-8.93,-5.67,-21.33,9.32,-32.37
603556.SH,海兴电力,20251029,10.65,-3.82,3.99,-5.98,0.6,-5.72,18.6,-1.57,21.79,-23.41
603596.SH,伯特利,20260106,0.35,-3.19,3.14,-12.6,-2.77,-13.64,-13.0,-23.88,3.14,-46.38
603598.SH,引力传媒,20260106,57.59,14.64,45.91,22.76,52.24,0.68,3.36,-10.36,57.59,-10.36
603599.SH,广信股份,20260128,16.32,7.1,10.29,1.35,11.92,-7.17,7.67,-3.97,16.32,-21.29
603629.SH,利通电子,20251103,3.36,-7.3,-7.54,-16.6,-3.9,-12.67,17.66,-9.51,717.42,-16.6
603636.SH,南威软件,20251124,0.69,-9.14,0.07,-17.66,-7.27,-19.81,-16.07,-23.96,0.69,-39.27
603650.SH,彤程新材,20250924,15.35,0.89,5.34,-3.01,5.44,-10.08,18.65,-4.67,54.75,-10.08
603659.SH,璞泰来,20250829,23.1,3.21,24.93,17.8,37.91,16.5,41.03,15.3,67.8,0.0
603668.SH,天马科技,20250826,-1.35,-6.59,6.66,-4.17,10.5,-9.15,12.18,-7.27,28.94,-28.06
603688.SH,石英股份,20260212,12.89,1.58,14.49,-7.92,9.54,-13.29,60.5,9.65,60.5,-13.29
603693.SH,江苏新能,20260312,20.69,-6.36,6.03,-12.58,8.95,-9.34,22.83,-3.11,22.83,-12.58
603698.SH,航天工程,20251208,18.8,-1.86,78.45,30.67,104.48,41.95,72.79,35.74,104.48,-3.42
603708.SH,家家悦,20260112,1.35,-3.37,1.35,-3.37,-0.37,-14.38,-12.51,-23.52,1.35,-28.16
603712.SH,七一二,20250807,-2.73,-9.76,-5.61,-16.67,-12.37,-17.94,-12.41,-23.11,0.0,-41.92
603738.SH,泰晶科技,20251208,-2.97,-11.64,-6.29,-11.29,-0.7,-6.64,39.46,-7.92,223.52,-11.64
603777.SH,来伊份,20260410,1.65,-11.02,20.57,-9.25,24.04,6.07,,,24.04,-11.02
603786.SH,科博达,20250916,55.64,16.46,44.55,20.66,19.08,1.21,6.76,0.86,55.64,-30.18
603806.SH,福斯特,20260123,15.54,-1.79,12.65,2.6,12.88,-1.16,9.19,-2.66,15.54,-7.97
603809.SH,豪能股份,20250917,-3.56,-13.59,-9.75,-24.83,-22.08,-32.11,-23.17,-32.51,0.0,-40.83
603882.SH,金域医学,20260109,9.89,-3.74,-1.99,-8.17,-4.58,-17.23,-17.2,-25.79,10.01,-25.79
603888.SH,新华网,20260113,8.4,-12.19,1.19,-11.93,-7.88,-22.93,-22.33,-29.02,10.0,-32.14
603897.SH,长城科技,20260302,3.47,-6.02,-0.98,-13.09,53.83,-7.09,71.39,41.25,71.39,-13.09
603919.SH,金徽酒,20260202,0.17,-12.84,-10.34,-19.52,-16.31,-27.86,-19.81,-26.94,3.67,-27.86
603931.SH,格林达,20251127,14.96,-1.7,10.64,-5.81,4.52,-10.07,-1.01,-12.37,84.12,-25.14
603960.SH,克来机电,20260210,12.95,2.69,12.02,-12.51,-0.04,-23.99,1.51,-10.02,12.95,-23.99
603977.SH,国泰集团,20251117,-3.52,-15.07,-11.27,-15.56,10.07,-13.59,12.18,0.0,19.72,-15.56
603986.SH,兆易创新,20250822,16.65,2.05,26.55,4.16,61.18,26.07,63.67,18.76,248.77,0.0
605007.SH,五洲特纸,20251226,-11.4,-15.05,-12.56,-16.14,12.11,-14.16,12.88,-14.73,12.88,-16.14
605020.SH,永和股份,20260514,8.41,-1.01,4.44,4.44,,,,,8.41,-1.01
605111.SH,新洁能,20251015,1.74,-9.52,-1.69,-10.07,-4.93,-15.85,-6.93,-18.61,73.19,-18.61
605116.SH,奥锐特,20260109,12.19,0.98,-0.1,-13.13,-11.63,-19.65,1.3,-20.56,12.19,-36.01
605123.SH,派克新材,20251212,15.32,-4.15,45.04,17.04,44.83,21.02,33.54,16.01,45.04,-4.15
605167.SH,利柏特,20251223,18.39,-1.36,32.54,12.57,37.5,24.57,33.91,17.74,42.17,-1.94
605222.SH,起帆电缆,20260114,6.49,-6.35,0.09,-5.09,7.61,-2.89,32.52,-9.94,95.19,-9.94
605299.SH,舒华体育,20251204,33.22,-2.63,3.74,-3.23,10.79,-6.63,8.33,-1.78,130.5,-6.63
605358.SH,立昂微,20250923,20.97,6.99,20.37,3.16,20.17,-5.26,24.2,-3.06,96.7,-5.26
688001.SH,华兴源创,20260311,-6.34,-21.28,17.01,-15.78,78.44,11.14,130.52,59.59,130.52,-21.28
688012.SH,中微公司,20250828,-1.02,-13.35,28.82,-6.2,41.51,16.15,40.32,17.83,117.44,-13.35
688032.SH,禾迈股份,20260320,2.62,-16.32,-11.86,-15.6,-12.75,-20.15,-18.62,-28.31,2.62,-28.31
688041.SH,海光信息,20250822,12.31,-6.87,32.22,-6.21,44.0,22.33,32.67,10.88,87.68,-6.87
688047.SH,龙芯中科,20260112,19.0,-10.74,11.83,-5.06,-0.92,-12.52,-9.14,-21.8,19.0,-21.8
688065.SH,凯赛生物,20260113,-6.04,-10.11,-5.93,-13.83,-9.08,-16.93,-17.67,-23.51,0.0,-35.38
688090.SH,瑞松科技,20251229,2.77,-8.67,3.39,-6.96,18.48,-3.06,25.81,-3.49,93.7,-8.67
688106.SH,金宏气体,20251009,1.64,-6.92,-3.37,-6.31,2.62,-13.33,-5.1,-12.49,91.3,-13.33
688111.SH,金山办公,20260112,-3.14,-12.26,-7.1,-20.1,-17.34,-29.46,-29.4,-40.21,0.0,-40.21
688114.SH,华大智造,20260109,3.44,-13.65,-9.23,-13.16,-8.39,-28.28,-28.12,-36.2,5.04,-36.44
688126.SH,沪硅产业,20250923,20.94,6.06,9.29,1.39,3.57,-12.78,-5.68,-14.47,28.72,-30.15
688146.SH,中船特气,20250806,36.15,5.52,31.41,20.33,39.39,18.03,48.13,18.03,430.08,-1.67
688153.SH,唯捷创芯,20260112,-8.38,-11.57,-8.07,-18.25,-12.88,-23.26,-19.99,-28.98,0.0,-35.18
688173.SH,希荻微,20251128,-0.34,-13.62,-13.9,-19.28,-1.6,-15.9,0.86,-15.1,11.44,-24.94
688179.SH,阿拉丁,20260116,8.75,-0.62,2.84,-2.28,22.69,-4.07,16.77,0.12,48.58,-4.07
688186.SH,广大特材,20251009,1.46,-17.29,-11.66,-16.92,-16.99,-29.06,-19.84,-26.82,2.48,-36.52
688187.SH,时代电气,20251009,1.99,-3.66,1.35,-11.63,-6.24,-14.79,-9.78,-14.46,10.11,-14.83
688209.SH,英集芯,20260120,1.59,-3.25,-0.79,-8.09,-7.77,-23.59,-9.16,-22.92,7.02,-23.59
688223.SH,晶科能源,20260123,21.74,-10.43,23.77,6.67,21.45,2.17,3.48,-10.14,23.77,-15.07
688232.SH,新点软件,20260112,3.18,-5.58,-5.27,-12.99,-9.19,-25.52,-23.47,-35.31,3.18,-38.58
688235.SH,百济神州,20250829,17.29,9.78,15.11,8.58,10.4,-1.56,9.56,-2.77,17.29,-22.48
688268.SH,华特气体,20250813,-1.55,-7.43,-5.59,-13.73,23.55,-11.51,9.68,-2.85,233.39,-13.73
688271.SH,联影医疗,20250908,-2.09,-7.81,-0.47,-9.1,-6.28,-13.46,-11.64,-18.69,0.0,-30.76
688281.SH,华秦科技,20260109,18.3,-3.66,12.41,1.16,9.49,-12.12,-12.94,-24.55,18.3,-24.55
688320.SH,禾川科技,20260515,-1.71,-13.81,,,,,,,0.0,-13.81
688334.SH,西高院,20260116,3.71,-2.79,0.36,-5.19,2.71,-18.28,-11.17,-17.32,9.06,-22.94
688337.SH,普源精电,20251030,-9.23,-16.16,-16.79,-24.28,-19.81,-24.66,-11.54,-22.58,43.0,-24.66
688339.SH,亿华通-U,20250918,17.34,-2.24,6.66,-2.64,29.62,4.85,19.12,-1.09,29.62,-20.82
688352.SH,颀中科技,20250929,1.03,-11.89,0.0,-10.66,-6.22,-16.47,-11.35,-15.65,33.15,-18.87
688385.SH,复旦微电,20250828,-4.7,-17.85,-2.4,-9.02,2.37,-11.6,-2.26,-15.39,50.51,-17.85
688387.SH,信科移动-U,20250825,0.98,-13.32,-6.59,-11.64,0.14,-10.94,-0.98,-9.4,214.87,-13.32
688390.SH,固德威,20250813,-1.57,-6.46,15.16,-1.38,27.34,5.79,28.35,2.87,193.64,-6.46
688396.SH,华润微,20260116,-0.01,-6.88,-8.78,-13.96,-12.3,-34.19,-24.27,-35.78,2.35,-35.78
688408.SH,中信博,20251114,-4.93,-15.34,-15.91,-19.37,-12.37,-21.51,-1.01,-18.66,0.0,-36.18
688409.SH,富创精密,20250804,-1.94,-6.18,17.25,-2.74,19.54,-3.94,44.94,12.87,200.05,-6.18
688432.SH,有研硅,20260225,-0.56,-14.02,-12.73,-23.2,-11.6,-24.72,20.27,-13.57,20.27,-24.72
688472.SH,阿特斯,20250905,8.68,-2.34,16.78,-5.93,84.39,-0.75,100.33,28.38,100.33,-5.93
688486.SH,龙迅股份,20251118,-7.65,-15.85,-4.6,-13.19,5.18,-14.16,1.75,-8.26,13.21,-28.86
688505.SH,复旦张江,20250717,8.91,-0.59,7.25,0.29,4.6,-6.27,-5.09,-12.44,8.91,-29.87
688515.SH,裕太微-U,20250901,-0.95,-11.89,2.55,-3.49,3.15,-10.58,-8.81,-19.98,102.17,-19.98
688545.SH,兴福电子,20250813,3.29,-2.43,3.35,-10.27,22.46,-7.42,14.57,1.72,178.64,-10.27
688549.SH,中巨芯-U,20260428,45.49,6.5,61.35,24.35,,,,,61.35,-3.73
688553.SH,汇宇制药-W,20250704,6.78,-8.6,8.36,-0.96,31.92,1.82,22.84,6.55,31.92,-27.38
688562.SH,航天软件,20251215,6.76,-11.72,30.38,2.33,8.56,-3.51,-1.23,-14.09,30.38,-24.76
688563.SH,航材股份,20260112,1.35,-11.35,8.12,-2.19,12.07,-9.4,-8.34,-16.29,12.07,-23.68
688586.SH,江航装备,20260109,1.03,-8.18,6.44,-10.82,6.77,-11.28,-1.93,-16.82,17.01,-17.27
688601.SH,力芯微,20251125,-1.2,-8.28,-7.94,-16.84,3.4,-14.82,13.08,0.64,37.0,-16.84
688605.SH,先锋精科,20250930,9.03,-12.02,-7.64,-15.23,-13.49,-23.46,-7.86,-22.0,13.84,-25.01
688612.SH,威迈斯,20260522,-0.03,-9.38,,,,,,,0.0,-9.38
688639.SH,华恒生物,20260113,-5.9,-11.01,-9.99,-15.19,-12.63,-24.7,-21.24,-33.09,0.0,-43.23
688653.SH,康希通信,20251009,-3.98,-15.14,-9.63,-16.8,-16.53,-24.7,-16.0,-20.39,9.43,-24.7
688777.SH,中控技术,20260113,34.63,0.71,45.41,31.59,32.57,11.51,10.65,-1.19,45.41,-1.19
688783.SH,西安奕材-U,20260508,16.11,6.29,23.74,2.41,,,,,23.74,0.0
688981.SH,中芯国际,20250822,14.67,-2.92,30.83,5.59,34.78,15.3,20.08,7.25,50.04,-11.72
