股票代码,股票名称,市值(亿),T日,价格跌幅(%),成交量缩量(%),T日收盘价,T日成交量
002475.SZ,立讯精密,5275.00,20260624,24.32%,72.41%,75.05,29659400
300274.SZ,阳光电源,3263.00,20260630,36.10%,43.78%,159.02,11616000
688008.SH,澜起科技,3020.00,20260701,41.88%,43.95%,315.89,27980500
300433.SZ,蓝思科技,2004.00,20260625,38.59%,57.97%,55.72,12035100
600362.SH,江西铜业,1528.00,20260622,29.60%,45.06%,54.86,8463060
300014.SZ,亿纬锂能,1424.00,20260622,27.45%,65.71%,70.23,10290400
601872.SH,招商轮船,1411.00,20260624,36.51%,54.07%,21.91,2299660
002008.SZ,大族激光,1410.00,20260625,39.97%,71.62%,152.80,13263700
600026.SH,中远海能,1185.00,20260624,37.76%,59.99%,22.83,2856790
002709.SZ,天赐材料,1110.00,20260624,40.70%,51.34%,56.34,7029690
002202.SZ,金风科技,1074.00,20260701,31.02%,69.83%,24.66,7886730
600160.SH,巨化股份,876.00,20260701,32.14%,72.86%,55.85,6936060
002812.SZ,恩捷股份,771.00,20260622,33.60%,43.62%,72.05,3311290
301358.SZ,湖南裕能,766.00,20260624,29.91%,50.11%,84.85,3005180
300054.SZ,鼎龙股份,730.00,20260630,37.83%,59.54%,105.97,6932130
603083.SH,XD剑桥科,714.00,20260625,39.12%,47.14%,260.40,8355670
300316.SZ,晶盛机电,682.00,20260701,39.86%,73.66%,60.51,3160110
603156.SH,养元饮品,609.00,20260629,31.52%,45.13%,49.18,742603
000021.SZ,深科技,593.00,20260701,43.56%,50.01%,62.26,19585800
002428.SZ,云南锗业,592.00,20260629,45.52%,50.94%,124.00,11449300
300666.SZ,江丰电子,568.00,20260701,49.53%,50.34%,394.33,9977400
688188.SH,柏楚电子,506.00,20260617,46.98%,64.23%,170.30,808269
300037.SZ,新宙邦,488.00,20260701,39.08%,65.42%,93.55,3466290
688411.SH,海博思创,465.00,20260622,37.72%,64.12%,286.98,1754600
688676.SH,金盘科技,464.00,20260618,34.86%,45.26%,92.50,1366420
002240.SZ,盛新锂能,447.00,20260615,49.66%,64.14%,51.63,4548390
002407.SZ,多氟多,443.00,20260702,48.70%,64.78%,54.82,20679900
000973.SZ,佛塑科技,411.00,20260622,31.44%,50.76%,16.19,1367690
002831.SZ,裕同科技,411.00,20260626,30.46%,67.88%,35.95,604667
300432.SZ,富临精工,410.00,20260622,40.23%,54.68%,23.91,1600470
603175.SH,超颖电子,403.00,20260618,28.33%,76.31%,101.18,579674
600141.SH,兴发集团,368.00,20260629,42.23%,79.66%,47.88,5577080
301205.SZ,联特科技,351.00,20260622,49.05%,50.21%,349.39,4900100
688301.SH,奕瑞科技,326.00,20260702,28.20%,64.22%,120.00,2004340
002430.SZ,杭氧股份,280.00,20260701,30.40%,77.63%,32.30,1608030
603876.SH,鼎胜新材,271.00,20260625,35.93%,54.81%,29.14,1383880
600206.SH,有研新材,259.00,20260630,46.14%,48.70%,66.60,9298780
300814.SZ,中富电路,249.00,20260625,44.63%,41.04%,206.66,1810110
000519.SZ,中兵红箭,243.00,20260623,39.30%,70.83%,21.91,3171470
601975.SH,招商南油,234.00,20260624,33.33%,59.54%,4.92,2235120
300747.SZ,锐科激光,227.00,20260625,49.36%,69.96%,59.18,3223880
603026.SH,石大胜华,226.00,20260623,43.54%,59.58%,99.21,2135770
600151.SH,航天机电,225.00,20260618,31.65%,52.78%,12.51,540951
002176.SZ,江特电机,218.00,20260616,36.65%,71.28%,11.76,2094320
603005.SH,晶方科技,218.00,20260630,47.60%,70.86%,53.87,4993290
605111.SH,新洁能,212.00,20260630,50.63%,58.14%,99.14,3177520
301362.SZ,民爆光电,209.00,20260618,55.79%,52.90%,240.77,1008150
002326.SZ,永太科技,207.00,20260702,42.00%,76.90%,28.00,5988740
301183.SZ,东田微,199.00,20260625,37.68%,52.20%,260.05,2024240
300769.SZ,德方纳米,198.00,20260623,46.30%,77.46%,74.00,2966490
002957.SZ,科瑞技术,197.00,20260625,45.80%,64.94%,60.46,3223270
605198.SH,安德利,193.00,20260618,41.25%,90.82%,81.70,1242780
002922.SZ,伊戈尔,187.00,20260622,37.71%,49.71%,37.02,917748
688352.SH,颀中科技,187.00,20260701,44.66%,67.18%,22.89,1353950
600338.SH,西藏珠峰,186.00,20260622,39.27%,52.45%,18.41,1680480
300457.SZ,赢合科技,181.00,20260622,25.24%,67.37%,23.61,510732
688275.SH,万润新能,180.00,20260622,50.10%,53.14%,144.29,1185230
603355.SH,莱克电气,179.00,20260622,26.09%,60.52%,31.62,132079
300184.SZ,力源信息,174.00,20260625,36.60%,59.08%,18.17,3397320
300593.SZ,新雷能,170.00,20260616,46.59%,62.11%,39.11,1801700
002913.SZ,奥士康,169.00,20260623,42.37%,45.33%,67.19,639212
301292.SZ,海科新源,168.00,20260625,44.47%,49.00%,89.77,2149000
301031.SZ,中熔电气,167.00,20260618,42.45%,63.06%,129.79,742175
300201.SZ,海伦哲,166.00,20260630,49.79%,40.26%,21.07,1894440
300975.SZ,商络电子,163.00,20260630,54.90%,75.04%,51.75,6319750
002925.SZ,盈趣科技,162.00,20260701,25.79%,63.88%,25.28,697092
600184.SH,光电股份,157.00,20260630,50.45%,81.63%,32.01,1317060
002703.SZ,浙江世宝,156.00,20260624,22.85%,58.34%,15.32,506823
300480.SZ,光力科技,154.00,20260701,46.29%,56.51%,44.85,2047960
688677.SH,海泰新光,153.00,20260622,44.82%,49.35%,121.90,1100120
688690.SH,纳微科技,144.00,20260629,29.71%,52.11%,45.95,909796
688401.SH,路维光电,138.00,20260701,40.40%,68.96%,99.49,1317760
301021.SZ,英诺激光,134.00,20260625,56.30%,57.79%,135.81,1326680
002549.SZ,凯美特气,131.00,20260701,43.22%,86.44%,22.33,2764400
605318.SH,法狮龙,131.00,20260616,46.35%,78.25%,132.26,866836
603936.SH,博敏电子,130.00,20260622,55.10%,69.19%,28.42,2122190
600063.SH,皖维高新,128.00,20260622,40.34%,83.83%,8.85,1852470
301246.SZ,宏源药业,127.00,20260623,39.43%,60.96%,29.80,534768
600775.SH,南京熊猫,121.00,20260624,21.78%,47.08%,10.70,397929
600058.SH,五矿发展,120.00,20260626,32.15%,82.03%,11.88,557317
600996.SH,贵广网络,119.00,20260617,38.03%,83.00%,9.65,622780
688190.SH,云路股份,119.00,20260622,41.78%,52.77%,110.25,322664
688486.SH,龙迅股份,118.00,20260702,38.78%,49.04%,63.85,602096
603169.SH,兰石重装,115.00,20260617,30.85%,67.51%,8.46,525487
300976.SZ,达瑞电子,114.00,20260622,48.97%,55.31%,90.60,846660
603125.SH,常青科技,114.00,20260630,40.16%,70.05%,32.74,180053
600903.SH,贵州燃气,111.00,20260615,33.94%,43.02%,8.72,344294
001212.SZ,中旗新材,110.00,20260622,38.73%,74.21%,50.17,637199
002882.SZ,金龙羽,108.00,20260617,23.80%,44.59%,21.68,140535
300265.SZ,通光线缆,106.00,20260622,49.15%,60.61%,24.60,1628780
300596.SZ,利安隆,106.00,20260702,33.36%,62.22%,54.08,447889
688261.SH,东微半导,106.00,20260630,42.97%,53.07%,104.93,1359720
600973.SH,宝胜股份,103.00,20260629,27.03%,86.07%,7.40,915806
